pos_in_ihya,pos_in_qut,sentence_ihya,sentence_qut,score,overlap_chars
page:1,page:1,وسئل بعضهم هل تذكر في الصلاة شيئاً فقال وهل شيء أحب إلي من الصلاة فأذكره فيها وكان أبو الدرداء رضي الله عنه يقول من فقه الرجل أن يبدأ بحاجته قبل دخوله في الصلاة ليدخل في الصلاة وقلبه فارغ,وكان أبو الدرداء يقول:من فقه الرجل أن يبدأ بحاجته قبل دخوله في الصلاة ليدخل في الصلاة وقلبه فارغ,100,96
page:1,page:1,وقال بعض العارفين لو عرضت علي الشهادة عند باب الدار والموت على التوحيد,وقال بعض العارفين:لو عرضت عليّ الشهادة عند باب الدار والموت على التوحيد,100,70
page:1,page:1,فإني رأيت الحب في القلب والأذى,فإني رأيت الحب في القلب والأذى,100,30
page:1,page:1,لأني أرى المقبور ينتظر النشرا,لأني أرى المقبور ينتظر النشرا,100,29
page:1,page:1,إذا اجتمعا لم يلبث الحب يذهب,إذا اجتمعا لم يلبث الحب يذهب,100,28
page:1,page:1,لا يستوون كما لا يستوي الشجر,لا يستوون كما لا يستوي الشجر,100,28
page:1,page:1,بما كان منه لم أحط ساعة خبرا,بما كان منه لم أحط ساعة خبرا,100,28
page:1,page:1,ما الفخر إلا لأهل العلم إنهم,ما الفخر إلا لأهل العلم إنهم,100,28
page:1,page:1,ويكفيك سوءات الأمور اجتنابها,ويكفيك سوءات الأمور اجتنابها,100,28
page:1,page:1,كل الأمور إلى المليك العادل,كل الأمور إلى المليك العادل,100,27
page:1,page:1,ولا تنطقي في سورتي حين أغضب,ولا تنطقي في سورتي حين أغضب,100,27
page:1,page:1,وما السر في صدري كثاو بقبره,وما السرّ في صدري كثاوٍ بقبره,100,27
page:1,page:1,ولو جاز كتم السر بيني وبينه,ولو جاز كتم السرّ بيني وبينه,100,27
page:1,page:1,والناس في غفلة عما يراد بهم,والناس في غفلة عما يراد بهم,100,27
page:1,page:1,فلا الحمد في ذا ولا ذاك لي,فلا الحمد في ذا ولا ذاك لي,100,26
page:1,page:1,والقلب فيه من الحبيب بلابل,والقلب فيه من الحبيب بلابل,100,26
page:1,page:1,ومن الدلائل أن تراه مسافراً,ومن الدلائل أن تراه مسافراً,100,26
page:1,page:1,ومن الدلائل ضحكه بين الورى,ومن الدلائل ضحكه بين الورى,100,26
page:1,page:1,يخفي القبيح ويظهر الإحسانا,يخفي القبيح ويظهر الإحسانا,100,26
page:1,page:1,يخفي الجميل ويظهر البهتانا,يخفي الجميل ويظهر البهتانا,100,26
page:1,page:1,على الهدى لمن استهدى أدلاء,على الهدى لمن استهدى أدلاّء,100,26
page:1,page:1,والجاهلون لأهل العلم أعداء,والجاهلون لأهل العلم أعداء,100,26
page:1,page:1,ولديه من تحف الحبيب وسائل,ولديه من تحف الحبيب وسائل,100,25
page:1,page:1,طوع الحبيب وإن ألح العاذل,طوع الحبيب وإنّ ألحّ العاذل,100,25
page:1,page:1,ومن الدلائل أن يرى متبسماً,ومن الدلائل أن يرى متبسّماً,100,25
page:1,page:1,ومن الدلائل أن يرى متفهماً,ومن الدلائل أن يرى متفهّماً,100,25
page:1,page:1,لكلام من يحظى لديه السائل,لكلام من يحظى لديه السائل,100,25
page:1,page:1,ومن الدلائل أن يرى متقشفاً,ومن الدلائل أن يرى متقشفاً,100,25
page:1,page:1,ومن الدلائل أن تراه مشمراً,ومن الدلائل أن تراه مشمراً,100,25
page:1,page:1,في خرقتين على شطوط الساحل,في خرقتين على شطوط الساحل,100,25
page:1,page:1,جوف الظلام فما له من عاذل,جوف الظلام فما له من عاذل,100,25
page:1,page:1,ومن الدلائل زهده فيما يرى,ومن الدلائل زهده فيما يرى,100,25
page:1,page:1,ومن الدلائل أن تراه باكياً,ومن الدلائل أن تراه باكياً,100,25
page:1,page:1,ومن الدلائل أن تراه راضياً,ومن الدلائل أن تراه راضياً,100,25
page:1,page:1,الأنس بالله لا يحويه بطال,الأنس بالله لا يحويه بطال,100,25
page:1,page:1,ولا تنقريني نقرك الدف مرة,ولا تنقريني نقرك الدفّ مرة,100,25
page:1,page:1,وَجَدْتُ مُصِيبَاتِ الزَّمَانِ جَمِيعَهَا,وجدت مصيبات الزمان جميعها,100,25
page:1,page:1,ل على الأصدقاء يرى الفضل له,على الأصدقاء يرى الفضل له,100,25
page:1,page:1,الطرق شتى وطرق الحق مفردة,الطرق شتى وطرق الحق مفردة,100,25
page:1,page:1,والسالكون طريق الحق أفراد,والسالكون طريق الحق أفراد,100,25
page:1,page:1,اصبر نكن بك صابرين فإنما,اصبر نكن بك صابرين فإنما,100,24
page:1,page:1,صبر الرعية بعد صبر الراس,صبر الرعية بعد صبر الراس,100,24
page:1,page:1,ومن بعد هذا ما تدق صفاته,ومن بعد هذا ما تدق صفاته,100,24
page:1,page:1,من دار ذل والنعيم الزائل,من دار ذل والنعيم الزائل,100,24
page:1,page:1,والقلب محزون كقلب الثاكل,والقلب محزون كقلب الثاكل,100,24
page:1,page:1,لم تغن عنك ولاية السيبين,لم تغنِ عنك ولاية السيبين,100,24
page:1,page:1,متحفظاً من كل ما هو قائل,متحفظاً من كل ما هو قائل,100,23
page:1,page:1,إِنَّ أَخَاكَ الْحَقَّ مَنْ كَانَ مَعَكَ,إن أخاك الحق من كان معك,100,23
page:1,page:1,ومستودعي سراً تبوأت كتمه,ومستودعي سرًّا تبوأت كتمه,100,23
page:1,page:1,(١) بسم الله الرحمن الرحيم,بسم الله الرحمن الرحيم,100,22
page:1,page:1,فنقول بسم الله الرحمن الرحيم,بسم الله الرحمن الرحيم,100,22
page:1,page:1,علوم الدين بسم الله الرحمن الرحيم,بسم الله الرحمن الرحيم,100,22
page:1,page:1,الدين بسم الله الرحمن الرحيم,بسم الله الرحمن الرحيم,100,22
page:1,page:1,علوم الدين بسم الله الرحمن الرحيم,بسم الله الرحمن الرحيم,100,22
page:1,page:1,علوم الدين بسم الله الرحمن الرحيم,بسم الله الرحمن الرحيم,100,22
page:1,page:1,إحياء علوم الدين بسم الله الرحمن الرحيم,بسم الله الرحمن الرحيم,100,22
page:1,page:1,إحياء علوم الدين بسم الله الرحمن الرحيم,بسم الله الرحمن الرحيم,100,22
page:1,page:1,كتاب إحياء علوم الدين بسم الله الرحمن الرحيم,بسم الله الرحمن الرحيم,100,22
page:1,page:1,بسم الله الرحمن الرحيم الحمد لله الشاملة,بسم الله الرحمن الرحيم,100,22
page:1,page:1,وَمَنْ يَضُرُّ نَفْسَهُ لِيَنْفَعَكَ,ومن يضر نفسه لينفعك,100,19
page:1,page:1,وقال صلى الله عليه وسلم يقول قائلكم الشحيح,صَلَّى اللهُ عَلَيْهِ وَسَلَّمَ,100,18
page:1,page:1,وقال صلى الله عليه وسلم الحياء لا يأتي إلا بخير,صَلَّى اللهُ عَلَيْهِ وَسَلَّمَ,100,18
page:1,page:1,وقال صلى الله عليه وسلم رأس الحكمة مخافة الله,صَلَّى اللهُ عَلَيْهِ وَسَلَّمَ,100,18
page:1,page:1,قال صلى الله عليه وسلم من استطاع أن,صَلَّى اللهُ عَلَيْهِ وَسَلَّمَ,100,18
page:1,page:1,هكذا رأيت رسول الله صلى الله عليه وسلم,صَلَّى اللهُ عَلَيْهِ وَسَلَّمَ,100,18
page:1,page:1,وإذا ذكرنا فعله صلى الله عليه وسلم,صَلَّى اللهُ عَلَيْهِ وَسَلَّمَ,100,18
page:1,page:1,لا يناقض فَعَلَ رَسُولُ اللَّهِ صَلَّى اللَّهُ عَلَيْهِ وَسَلَّمَ,صَلَّى اللهُ عَلَيْهِ وَسَلَّمَ,100,18
page:1,page:1,وفاة رسول الله صلى الله عليه وسلم,صَلَّى اللهُ عَلَيْهِ وَسَلَّمَ,100,18
page:1,page:1,والثانية الصَّلَاةِ عَلَى النَّبِيِّ صَلَّى اللَّهُ عَلَيْهِ وَسَلَّمَ,صَلَّى اللهُ عَلَيْهِ وَسَلَّمَ,100,18
page:1,page:1,(٢) حديث طوافه صلى الله عليه وسلم على راحلته تقدم,صَلَّى اللهُ عَلَيْهِ وَسَلَّمَ,100,18
page:1,page:1,وروي أنه صلى الله عليه وسلم شرب قائما(٣),صَلَّى اللهُ عَلَيْهِ وَسَلَّمَ,100,18
page:1,page:1,(١) وكان صلى الله عليه وسلم يكرر الكلام ثلاثاً,صَلَّى اللهُ عَلَيْهِ وَسَلَّمَ,100,18
page:1,page:1,وَقَالَ صَلَّى اللَّهُ عَلَيْهِ وَسَلَّمَ خَيْرُكُمْ مَنْ أطعم الطعام(٨),صَلَّى اللهُ عَلَيْهِ وَسَلَّمَ,100,18
page:1,page:1,وقال صلى الله عليه وسلم لا خير فيمن لا يضيف(٣),صَلَّى اللهُ عَلَيْهِ وَسَلَّمَ,100,18
page:1,page:1,صلى الله عليه وسلم من سر مؤمناً فقد سر الله(١),صَلَّى اللهُ عَلَيْهِ وَسَلَّمَ,100,18
page:1,page:1,وقال صلى الله عليه وسلم حسن مني وحسين من علي(٢),صَلَّى اللهُ عَلَيْهِ وَسَلَّمَ,100,18
page:1,page:1,قال صلى الله عليه وسلم تهادوا تحابوا(١٠),صَلَّى اللهُ عَلَيْهِ وَسَلَّمَ,100,18
page:1,page:1,قال صلى الله عليه وسلم عليكم,صَلَّى اللهُ عَلَيْهِ وَسَلَّمَ,100,18
page:1,page:1,وقد قَالَ صَلَّى اللَّهُ عَلَيْهِ وَسَلَّمَ تَعِسَ عَبْدُ الزوجة(٨),صَلَّى اللهُ عَلَيْهِ وَسَلَّمَ,100,18
page:1,page:1,وقال صلى الله عليه وسلم إذا سميتم فعبدوا(٢),صَلَّى اللهُ عَلَيْهِ وَسَلَّمَ,100,18
page:1,page:1,وقال صلى الله عليه وسلم اسمح يسمح لك(٢),صَلَّى اللهُ عَلَيْهِ وَسَلَّمَ,100,18
page:1,page:1,قال صَلَّى اللَّهُ عَلَيْهِ وَسَلَّمَ اتَّقِ اللَّهَ حَيْثُمَا كنت(٤),صَلَّى اللهُ عَلَيْهِ وَسَلَّمَ,100,18
page:1,page:1,وقال صلى الله عليه وسلم من اشترى ثوباً,صَلَّى اللهُ عَلَيْهِ وَسَلَّمَ,100,18
page:1,page:1,قَالَ صَلَّى اللَّهُ عَلَيْهِ وَسَلَّمَ لَا يَدْخُلُ الجنة قتات(٨),صَلَّى اللهُ عَلَيْهِ وَسَلَّمَ,100,18
page:1,page:1,وقال صلى الله عليه وسلم لا تغبطن فاجرا,صَلَّى اللهُ عَلَيْهِ وَسَلَّمَ,100,18
page:1,page:1,وقال صلى الله عليه وسلم دعوة الوالدة أسرع إجابة,صَلَّى اللهُ عَلَيْهِ وَسَلَّمَ,100,18
page:1,page:1,كما صرح به رسول الله صلى الله عليه وسلم,صَلَّى اللهُ عَلَيْهِ وَسَلَّمَ,100,18
page:1,page:1,وقد قال صلى الله عليه وسلم خير الأصحاب أربعة(٥),صَلَّى اللهُ عَلَيْهِ وَسَلَّمَ,100,18
page:1,page:1,وأوتر رسول الله صلى الله عليه وسلم على الرَّاحِلَةِ,صَلَّى اللهُ عَلَيْهِ وَسَلَّمَ,100,18
page:1,page:1,وَقَالَ صلى الله عليه وسلم إن من الشعر لحكمة(٢),صَلَّى اللهُ عَلَيْهِ وَسَلَّمَ,100,18
page:1,page:1,وقال أيضاً صلى الله عليه وسلم مرة أخرى,صَلَّى اللهُ عَلَيْهِ وَسَلَّمَ,100,18
page:1,page:1,قال لنا رسول الله صلى الله عليه وسلم من رأى,صَلَّى اللهُ عَلَيْهِ وَسَلَّمَ,100,18
page:1,page:1,فقال كَانَ صَلَّى اللَّهُ عَلَيْهِ وَسَلَّمَ أَحْلَمَ النَّاسِ(٥),صَلَّى اللهُ عَلَيْهِ وَسَلَّمَ,100,18
page:1,page:1,بيان كلامه وضحكه صلى الله عليه وسلم,صَلَّى اللهُ عَلَيْهِ وَسَلَّمَ,100,18
page:1,page:1,بيان عفوه صلى الله عليه وسلم مع قدرته,صَلَّى اللهُ عَلَيْهِ وَسَلَّمَ,100,18
page:1,page:1,بيان إغضائه صلى الله عليه وسلم عما كان يكرهه,صَلَّى اللهُ عَلَيْهِ وَسَلَّمَ,100,18
page:1,page:1,بيان سخاوته وجوده صلى الله عليه وسلم,صَلَّى اللهُ عَلَيْهِ وَسَلَّمَ,100,18
page:1,page:1,بيان شجاعته صلى الله عليه وسلم,صَلَّى اللهُ عَلَيْهِ وَسَلَّمَ,100,18
page:1,page:1,بيان تواضعه صلى الله عليه وسلم,صَلَّى اللهُ عَلَيْهِ وَسَلَّمَ,100,18
page:1,page:1,بيان صورته وخلقته صلى الله عليه وسلم,صَلَّى اللهُ عَلَيْهِ وَسَلَّمَ,100,18
page:1,page:1,وقال صلى الله عليه وسلم اليمن حسن الخلق,صَلَّى اللهُ عَلَيْهِ وَسَلَّمَ,100,18
page:1,page:1,(٥) وقال صلى الله عليه وسلم الكذب ينقص الرزق,صَلَّى اللهُ عَلَيْهِ وَسَلَّمَ,100,18
page:1,page:1,وقال صلى الله عليه وسلم ما عال من اقتصد(٢),صَلَّى اللهُ عَلَيْهِ وَسَلَّمَ,100,18
page:1,page:1,وَقَالَ صَلَّى اللَّهُ عَلَيْهِ وَسَلَّمَ إِيَّاكُمْ وَالشُّحَّ,صَلَّى اللهُ عَلَيْهِ وَسَلَّمَ,100,18
page:1,page:1,يقاس المرء بالمرء إذا ما المرء ما شاه,يقاس المرء بالمرء,100,17
page:1,page:1,فكم من جاهل أردى حليماً حين آخاه,فكم من جاهل أردى,100,16
page:1,page:1,وللشيء من الشيء مقاييس وأشباه,وللشيء من الشيء,100,15
page:1,page:1,[الفصل الرابع من قواعد العقائد],الفصل الرابع,100,12
page:1,page:1,ومن االدلائل أن تراه مسلماً,ومن الدلائل أن تراه مسلماً,98,25
page:1,page:1,لو كنت بواباً على باب جنة,ولو كنت بواباً على باب جنة,97,24
page:1,page:1,صار أحظى من الصديق العتيق,صار حظي من الصديق العتيق,97,24
page:1,page:1,وقال ابن أبي الحواري قال لي أستاذي أبو سليمان يا أحمد لَا تَصْحَبْ إِلَّا أَحَدَ رَجُلَيْنِ رَجُلًا تَرْتَفِقُ بِهِ فِي أَمْرِ دُنْيَاكَ أَوْ رَجُلًا تَزِيدُ مَعَهُ وَتَنْتَفِعُ بِهِ فِي أَمْرِ آخِرَتِكَ وَالِاشْتِغَالُ بغير هذين حمق كبير,وقال بعض العلماء:لا تصحب إلاّ أحد رجلين: رجلاً تتعلم منه شيئاً من أمر دينك فينفعك، أو رجلاً تعلمه شيئاً من دينه فيقبل منك، والثالث هرب منه،وقال ابن أبي الحواري:قال لي أستاذي أبو سليمان: يا أحمد لا تصحب إلاّ أحد رجلين: رجل ترتفق به في دنياك، أو رجل تزيد معه وتنتفع به في آخرتك، والاشتغال بغير هذين حمق كبير,96,161
page:1,page:1,وقال الهيثم ربما يبلغني عن الرجل يقع في فأذكر استغنائي عنه فيهون ذلك علي,وروينا عن الهيثم بن جميل قال:قال ابن المبارك: اركب البر والبحر واستغن عن الناس،قال الهيثم:ربما يبلغني عن الرجل يقع فّي فأذكر استغنائي عنه فيهون ذلك علي,96,72
page:1,page:1,قَالَ علي رَضِيَ اللَّهُ عَنْهُ لَا خَيْرَ فِي عِبَادَةٍ لَا فِقْهَ فِيهَا وَلَا فِي قِرَاءَةٍ لَا تَدَبُّرَ فِيهَا,روي عن علي رضي الله عنه لا خير في عبادة لا فقه فيها ولا في قراءة لا تدبر فيها، وعن ابن عباس لأن,96,71
page:1,page:1,خذي العفو مني تستديمي مودتي,خذي العفة مني تستديمي مودتي,96,26
page:1,page:1,الناس شتى إذا ما أنت ذقتهم,الناس شيء إذا ما أنت ذقتهم,96,25
page:1,page:1,ولقي مالك بن دينار أبانا فقال له إلى كم تحدث الناس بالرخص فقال يا أبا يحيى إني لأرجو أن ترى من عفو الله يوم القيامة ما تخرق له كساءك هذا من الفرح,قال:فقلت يا ربّ أردت أن أحبّبك إلى خلقك،قال:قد غفرت لك،وحدثت عن مالك بن دينار:أنه لقي أبانا فقال: إلى كم تحدث للناس بالرخص فقال: يا أبا يحيى إني لأرجو أن ترى من عفو الله تعالى يوم القيامة ما تخرق له كساءك هذا من الفرح,95,139
page:1,page:1,يوم الجمعة فصلى أربع ركعات قبل صلاة الجمعة يقرأ في كل ركعة الحمد لله وقل هو الله أحد خمسين مرة لم يمت حتى يرى مقعده من الجنة أو يرى له(١),نافع عن ابن عمر قال:قال رسول الله صَلَّى اللهُ عَلَيْهِ وَسَلَّمَ: من دخل الجامع يوم الجمعة فصلّى أربع ركعات قبل صلاة الجمعة قرأ في كل ركعة الحمد مرة وقل هو الله أحد خمسين مرة فإنه لم يمت حتى يرى مقعده في الجنة أو يرى له,95,129
page:1,page:1,وإذا الثلاث أتتك مني بتة,فإذا الثلاث أتتك مني بتة,95,23
page:1,page:1,وَمَنْ إِذَا رَيْبُ زَمَانٍ صَدَّعَكَ,ومن إذا ريب الزمان صدعك,95,21
page:1,page:1,فلما جاء التابعون بث جنوده فرجعوا إليه منكسين فقالوا ما رأينا أعجب من هؤلاء نصبب منهم الشيء بعد الشيء من الذنوب فإذا كان آخر النهار أخذوا في الاستغفار فيبدل الله سيئاتهم حسنات فقال إنكم لن تنالوا من هؤلاء شيئاً لصحة توحيدهم واتباعهم لسنة نبيهم ولكن سيأتي بعد هؤلاء قوم تقر أعينكم بهم تلعبون بهم لعباً وتقودونهم بأزمة أهوائهم كيف شئتم إن استغفروا لم يغفر لهم ولا يتوبون فيبدل الله سيئاتهم,قالوا:ما رأينا مثل هؤلاء القوم ما نصيب منهم شيئاً قد أتعبونا فيقول: إنك لا تقدرون عليهم قد صحبوا نبيهم وشهدوا تنزيل ربهم ولكن سيأتي بعدهم قوم تنالون منهم حاجتكم، فلما جاء التابعون بث جنوده فيهم فرجعوا إليه منكسرين منكوسين،فقال:ما شأنكم،قالوا:ما رأينا أعجب من هؤلاء القوم نصيب منهم الشيء بعد الشيء من الخطايا فإذا كان من آخر النهار أخذوا في الاستغفار فتبدل سيئاتهم حسنات فقال: إنكم لن تنالوا من هؤلاء شيئاً لصحة توحيدهم واتباعهم سنّة نبيهم ولكن سيأتي بعد هؤلاء قوم تقرّ أعينكم بهم تلعبون بهم لعباً وتقودونهم بأزمة أهوائهم كيف شئتم إن استغفروا لم يغفر لهم ولا يتوبون فتبدل حسناتهم سيئات قال: فجاء قوم بعد القرن الأول فبعث فيهم الأهواء وزين لهم البدع فاستحلّوها واتخذوها ديناً لا يستغفرون منها ولا يتوبون إلى الله قال فتسلطت عليهم الأعداء وقادتهم أين شاؤوا،وقد قال ابن عباس رضي الله عنه:إن للضلالة حلاوة في قلوب أهلها,94,371
page:1,page:1,قال فإني أكافئك بها يوم القيامة آخذ بيدك في الموقف فأدخلك الجنة والخلائق في كرب الحساب,قلت:نعم،قال:فهذه يد لك عندي أكافئك بها يوم القيامة آخذ بيدك في الموقف فأدخلك الجنة والخلائق في كرب الحساب,94,85
page:1,page:1,وروي أنه سمع رجلاً يذم الحجاج ويقع فيه فقال أرأيت لو كان الحجاج حاضرا أكنت تتكلم بما تكلمت به قال لا,وروينا عنه من طريق آخر أنه سمع رجلاً يذم الحجاج ويقع فيه فقال له:أرأيت لو كان الحجاج حاضرًا أكنت تتكلم بما تكلمت به,93,92
page:1,page:1,صار عندي هو الصديق الحقيقي,صار عندي محض الصديق الحقيقي,93,24
page:1,page:1,أن قد رآه على قبيح فعائل,أن قد رآه على قبيح فاعل,93,22
page:1,page:1,وإن أراد أن يزيد أتى بالصلاة المأثورة فقال اللهم اجعل فضائل صلواتك ونوامي بركاتك وشرائف زكواتك ورأفتك ورحمتك وتحيتك على محمد سيد المرسلين وإمام المتقين وخاتم النبيين ورسول رب العالمين قائد الخير وفاتح البر ونبي الرحمة وسيد الأمة اللهم ابعثه مقاماً محموداً تزلف به قربه وتقر به عينه يغبطه به الأولون وألاخرون اللهم أعطه الفضل والفضيلة والشرف والوسيلة والدرجة الرفيعة والمنزلة الشامخة المنيفة اللهم أعط محمداً سؤله وبلغه مأموله واجعله أول شافع وأول مشفع اللهم عظم برهانه وثقل ميزانه وأبلج حجته وارفع في أعلى المقربين درجته اللهم احشرنا في زمرته واجعلنا من أهل شفاعته وأحينا على سنته وتوفنا على ملته,تقول هذا سبع مرات،ففي هذا فضل عظيم ويقال:من قاله سبع جمع في كل جمعة سبعة مرات وجبت له شفاعة رسول الله صَلَّى اللهُ عَلَيْهِ وَسَلَّمَ وإن زاد هذه الصلاة فهي مأثورة: اللهّم اجعل فضائل صلواتك وشرائف زكواتك ونوامي بركاتك ورأفتك ورحمتك وتحيتك على محمد سيد المرسلين وإمام المتقين وخاتم النبيين ورسول رب العالمين قائد الخير وفاتح البر ونبي الرحمة وسيد الأمة، اللهم ابعثه مقاماً محموداً تزلف به قربه وتقربه عينه يغبطه به الأولون والآخرون، الّلهم أعطه الفضل والفضيلة والشرف والوسيلة والدرجة الرفيعة والمنزلة الشامخة المنيفة، اللهم أعط محمداً سؤله وبلغه مأموله واجعله أول شافع وأول مشفع، الّلهم عظم برهانه وثقل ميزانه وأبلج حجته وارفع في أعلى المقربين درجته، اللهم احشرنا في زمرته واجعلنا من أهل شفاعته وأحينا على سنته وتوفّنا على ملته وأوردنا,92,557
page:1,page:1,وروى عن مسروق أن نبياً من الأنبياء كان ساجدا فوطىء عنقه بعض العصاة حتى ألزق الحصى بجبهته قال فرفع النبي عليه الصلاة والسلام رأسه مغضبا فقال اذهب فلن يغفر الله لك فأوحى الله تعالى إليه تتألى على في عبادي إني قد غفرت له,وروينا عن مسروق بن الأجدع:إن نبيَّا من الأنبياء كان ساجدًا فوطئ بعض العتاة على عنقه حتى الزق الحصى بجبهته قال: فرفع النبي عليه السلام رأسه مغضبًا فقال: اذهب فلن يغفر الله قال: فأوحى الله تعالى إليه تتألى عليّ في عبادي أني قد غفرت له,92,199
page:1,page:1,وقال أبو سليمان الداراني كان لي أخ بالعراق فكنت أجيئه في النوائب فأقول أعطني من مالك شيئاً فكان يلقي إلي كيسه فآخذ منه ما أريد فجئته ذات يوم فقلت أحتاج إلى شيء,الأخ لأخيه قم بنا،فقال:إلى أين،فلا تصحبه وقال الآخر:إذا قال: أعطني من مالك،فقال:كم تريد أو ماذا تصنع به لم يقم بحق الإخاء،قال أبو سليمان الداراني:كان لي أخ بالعراق،فكنت أجيئه في النوائب فأقول:أعطني من مالك شيئاً فكان يلقي إليّ كيسه فآخذ منه ما أريد، فجئته ذات يوم فقلت أحتاج إلى شي،فقال:كم تريد فخرج حلاوة أخاه من قلبي،وعن ابن عمر وأبي هريرة:لم يكن أحد أحق بديناره ودرهمه من أخيه,92,156
page:1,page:1,وقال ابن مسعود أنزل القرآن عليهم ليعملوا به فاتخذوا دراسته عملاً إن أحدكم ليقرأ القرآن مِنْ فَاتِحَتِهِ إِلَى خَاتِمَتِهِ مَا يُسْقِطُ مِنْهُ حرفاً وقد أسقط العمل به,عملاً إن أحدهم ليتلو القرآن من فاتحته إلى خاتمته ما يسقط منه حرفاً وقد أسقط العمل به,92,78
page:1,page:1,وأعرض عن شتم اللئيم تكرما,وأعرض عن ذات اللئيم تكرما,92,23
page:1,page:1,وإن امتنعت شفعتها بمثالها,وإذا امتنعت شفتها بمثالها,92,23
page:1,page:1,وهذا حذيفة كان قد خص بعلم المنافقين وأسباب النفاق وكان يقول إنه يأتي على القلب ساعة يمتلئ بالإيمان حتى لا يكون للنفاق فيه مغرز إبرة ويأتي عليه ساعة يمتلئ بالنفاق حتى لا يكون للأيمان فيه مغرز إبرة فقد عرفت بهذا أن خوف العارفين من سوء الخاتمة وأن سببه أمور تتقدمه منها البدع,وكان يقول:تأتي على القلب ساعة يمتلئ بالإيمان حتى لا يكون للنفاق فيه مغرز إبرة، ويأتي عليه ساعة يمتلئ بالنفاق حتى لايكون للإيمان فيه مغرز إبرة,91,139
page:1,page:1,وفي لفظ آخر كانوا يقولون يا رسول الله ما لمن عمل كذا وكذا يسألونه عن فضائل الأعمال وكنت أقول يا رسول الله ما يفسد كذا وكذا فلما رآني أسأله عن آفات الأعمال خصني بهذا العلم,وفي لفظ آخر كان الناس يقولون يا رسول الله مالمن عمل كذا وكذا يسألونه عن فضائل الأعمال وكنت أقول:يا رسول الله ما يفسد كذا وكذا,91,120
page:1,page:1,وما كتمه أولى لديه وأعدل,وما كتمه أحظى لديه وأعدل,91,22
page:1,page:1,وحكي عن بعض الخائفين أنه أوصى بعض إخوانه فقال إذا حضرتني الوفاة فاقعد عند رأسي فإن رأيتني مت على التوحيد فخذ جميع ما أملكه فاشتر به لوزاً وسكراً وانثره على صبيان أهل البلد وقل هذا عرس المنفلت وإن مت على غير التوحيد فأعلم الناس بذلك حتى لا يغتروا بشهود جنازتي ليحضر جنازتي من أحب على بصيرة لئلا يلحقني الرياء بعد الوفاة,وحدثني بعض إخواني الصادقين وكان خائفًا أنه أوصى بعض إخوانه فقال:إذا حضرتني الوفاة فاقعد عند رأسي فإذا عاينت فانظر إليّ فإن رأيتني متّ على التوحيد فاعمد إلى جميع ما أملكه فاشتر به لوزًا وسكرًا وانثره على صبيان أهل المدينة وقل: هذا عرس المنفلت،وإن رأيتني متّ على غير التوحيد فأعلم الناس أني قد متّ على غير التوحيد حتى لا يغتروا بشهود جنازتي ليحضر جنازتي من أحبّ على بصيرة لئلا يلحقني الرياء فأكون قد خدعت المسلمين فقلت:ومن أين أعلم أنك قد متّ على التوحيد,90,298
page:1,page:1,فأوحى الله تعالى إليه عبدي أما رضيت أن عصمت قلبك أن تكفر بي حتى تسألني الدنيا فأخذ التراب فوضعه على رأسه وقال بلى قد رضيت يا رب فاعصمني من الكفر,وروينا في أخبار الأنبياء:أن نبياً شكا إلى الله تعالى الجوع والقمل والعري سنين فأوحى الله تعالى إليه: أما رضيت أن عصمت قلبك أن تكفر بي حتى تسألني الدنيا،فأخذ التراب فوضعه على رأسه وقال:بلى قد رضيت يارب فاعصمني من الكفر فلم يذكر له نعمته عليه بنبوته وعرضه للكفر، وجوز دخوله عليه بعد النبوة، فاعترف النبي صَلَّى اللهُ عَلَيْهِ وَسَلَّمَ بذلك، ورضي به واستعصم,90,137
page:1,page:1,وَمَنْ فَهِمَ ذَلِكَ فجدير بأن يكون حاله الخشية والحزن ولذلك قال الحسن والله ما أصبح اليوم عبد يتلو القرآن يؤمن به إلا كثر حزنه وقل فرحه وكثر بكاؤه وقل ضحكه وكثر نصبه وشغله وقلت راحته وبطالته,وكان الحسن يقول:والله ما أصبح اليوم عبد يتلو هذا القرآن يؤمن به إلا كثر حرنه وقل فرحه وكثر بكاؤه وقل ضحكه وكبر نصبه وشغله وقلت راحته وبطالته,90,129
page:1,page:1,ولذلك قيل إذا أثنى على الرجل جيرانه في الحضر وأصحابه في السفر ومعاملوه في الأسواق فلا تشكوا في صلاحه,أحوالاً أيضاً ومقامات من حيث كان عليهم في ذلك تكليف وعبادات،ويقال:إذا أثنى على الرجل جيرانه في الحضر وأصحابه في السفر ومعاملوه في الأسواق فلا تشكّوا في صلاحه،وشهد رجل عند عمر بن الخطاب رضي الله عنه بشهادة فقال:ائتني بمن يعرفك، فأتاه رجل فأثنى عليه خيراً,90,99
page:1,page:1,(٣) حديث الأحنف عن أبي بكرة إذا التقى المسلمان بسيفهما فالقاتل والمقتول في النار متفق عليه,وعن جابر عن رسول الله صَلَّى اللهُ عَلَيْهِ وَسَلَّمَ:يبعث كل عبد على ما مات عليه،وفي حديث الأحنف بن قيس عن أبي بكرة:إذا التقى المسلمان بسيفيهما فالقاتل والمقتول في النار قيل: يا رسول الله هذا القاتل فما بال المقتول,90,81
page:1,page:1,فعليك يا أخي بالصمت فيه تغلب الشيطان وإياك أن تضحك من غير عجب أو تمشي في غير أرب,والعجب فإن وعظ عنف وإن وعظ أنف فذلك في الدرك السابع من النار عليك بالصمت فيه تغلب الشيطان وإياك أن تضحك من غير عجب أو تمشي في غير أرب,90,73
page:1,page:1,فلن أزال على الزوراء أغمرها,فلن أزال عن الزوراء أعمرها,90,24
page:1,page:1,فإنك لا تدرين كيف المغيب,فإنك لا تدرين ماذا المغيب,90,21
page:1,page:1,أبداً وليس طلاق ذات البين,مني وليس طلاق ذات البين,90,20
page:1,page:1,فلا تصحب أخا الجهل وإياك وإياه,لا تصحب أخا الجهل,90,17
page:1,page:1,ذلك في كتاب الرضا إن شاء الله تعالى وكتب ابن أبي نجيح يعزي بعض الخلفاء إن أحق من عرف حق الله تعالى فيما أخذ منه من عظم حق الله تعالى عنده فيما أبقاه له واعلم أن الماضي قبلك هو الباقي لك والباقي بعدك هو المأجور فيك واعلم أن أجر الصابرين به فيما يصابون به أعظم من النعمة عليهم فيما يعافون منه,فيقول:نعم يا رب فيقول الله تعالى: كما أنعمت عليه فشكر وابتليتك فصبرت لأضعفنّ لك الأجر عليه فيعطي أضعاف جزاء الشاكرين،وكتب ابن أبي نجيح يعزي بعض الخلفاء فقال في كتابه:إن أحقّ من عرف حقّ اللهّ فيما أخذ منه من عظم حقّ الله تعالى عنده فيما أبقى، واعلم أن الماضي قبلك هو الباقي لك والباقي بعدك هو المأجور فيك، واعلم أن أجر الصابرين فيما يصابون فيه أعظم من النعمة عليهم فيما يعافون به،وفي الأخبار:ما من عبد إلا يعطى أجره بحساب وحدّ إلا الصابرين فإنهم يجازفون مجازفة بغير ميزان ولا حدّ، وجاء في الخبر أن أبواب الجنة مصراعان يأتي عليها زحام كثير إلا باب الصبر فإنه مصراع واحد لا يدخل منه إلا الصابرون أهل البلاء في الدنيا، واحد بعد واحد,89,256
page:1,page:1,وكان بعض المريدين يطوف على العلماء يقول من يدلني على عمل لا أزال فيه عاملاً لله تعالى فإني لا أحب أن يأتي علي ساعة من ليل أو نهار إلا وأنا عامل من عمال الله فقيل له قد وجدت حاجتك فاعمل الخير ما استطعت فإذا فترت أو تركته فهم بعمله فإن الهام بعمل الخير كعامله,وروينا في الخبر عن بعض المريدين:أنه كان يطوف على العلماء يقول: من يدلّني على عمل لا أزال فيه عاملاً لله تعالى فإني أحبّ أن لاتجيء عليّ ساعة من ليلٍ أو نهار إلاّ وأنا عامل من عمال الله تعالى،فقيل له:قد وجدت صاحبك اعمل الخير ما استطعت، فإذا أقترت أو تركته فهمّ بعمله، فإن الهامّ بعمل الخير كعامله,89,246
page:1,page:1,وفي لفظ آخر ما لم يبالوا ما نقص من دنياهم بسلامة دينهم فإذا فعلوا ذلك وقالوا لا إله إلا الله قال الله تعالى كذبتم لستم بها صادقين وفي حديث آخر من قال لا إله إلا الله مخلصاً دخل الجنة,وقد روي في خبر مشهور:لا تزال لا إله إلاّ الله تدفع عن الخلق سخط الله ما لم يؤثروا صفقة دنياهم على آخرتهم،وفي خبر آخر:ما لم يبالوا ما نقص من دنياهم بسلامة دينهم،فإذا فعلوا ذلك وقالوا:لا إله إلاّ الله،قال الله سبحانه:كذبتم لستم بها صادقين وفي لفظ آخر: ردّت إليهم،في خبر:كأنه مفسر لحديث مجمل: من قال لا إله إلاّ اللهه مخلصاً دخل الجنة،قيل:وما إخلاصها,89,169
page:1,page:1,قَالَ اللَّهُ تَعَالَى وَأَقِمِ الصَّلَاةَ لِذِكْرِي وقال تعالى ولا تكن من الغافلين وقال عز وجل لا تقربوا الصلاة وأنتم سكارى حتى تعلموا ما تقولون قيل سكارى من كثرة الهم وقيل من حب الدنيا,قال الله تعالى:(وَأَقِمِ الصَّلاةَ لِذِكْري)طه: ١٤،وقال:(وَلاَ تَكُنْ مِنَ الْغَافِلينَ)الأعراف: ٢٠٥،وقال تعالى:(لاَ تَقْرَبُوا الصَّلاةَ وَأَنْتُمْ سُكَارى حَتّى تَعْلَمُوا مَا تَقُولُونَ)النساء: ٤٣،قيل:سكارى من حبّ الدنيا وقيل: من الاهتمام بها،وقال جلّ ثناؤه:(الَّذينَ هُمْ عَلى صَلاَتِهِمْ دَائِمُون)المعارج: ٢٣،وقال النبي صَلَّى اللهُ عَلَيْهِ وَسَلَّمَ:من صلّى ركعتين لم يحدث نفسه,89,149
page:1,page:1,وحكى الربيع أن الشافعي رحمه الله آخى رجلاً ببغداد ثم إن أخاه ولى السيبين فتغير له عما كان عليه فكتب إليه الشافعي بهذه الأبيات,قال بعض السلف:إذا ولى أخوك ولاية فثبت على نصف مودتك فكثير، وحدثنا محمد بن القاسم القرشي عن الربيع بن سليمان، عن الإمام الشافعي رحمه الله،أنه آخى رجلاً ببغداد ثم إنّ أخاه ولي السيبين فتغير للشافعي كما كان يعهده منه فكتب إليه الشافعي رضي الله عنه هذه الأبيات:,89,118
page:1,page:1,وروي عن الحسن رضي الله عنه أنه كان قائماً يأكل من متاع بقالٍ في السوق يأخذ من هذه الجونة تينةً ومن هذه قسبةً فقال له هشام ما بدا لك يا أبا سعيدٍ في الورع تأكل متاع الرجل بغير إذنه فقال,من متاع بقال يأخذ من هذه الجونة تينة ومن هذه فستقة فقال له هاشم الأوقص:يا أبا سعيد تأكل من متاع الرجل بغير إذنه,89,100
page:1,page:1,قال الشافعي رضي الله عنه ثلاثة إن أكرمتهم أهانوك وإن أهنتهم أكرموك المرأة والخادم والنبطي أراد به إن محضت الإكرام ولم تمزج غلظك بلينك وفظاظتك برفقك,وكان الشافعي رضي الله عنه يقول ثلاثة إن أكرمتهم أهانوك وإن أهنتهم أكرموك، المرأة والخادم والنبطي,89,87
page:1,page:1,وكان مُحَمَّدُ بْنُ وَاسِعٍ وَأَصْحَابُهُ يَدْخُلُونَ مَنْزِلَ الحسن فيأكلون ما يجدون بغير إذن,وقد كان محمد بن واسع وأصحابه يدخلون منزل الحسن فيأكلون مايجدون بغير إذن، وكان الحسن ربما دخل فيجدهم كذلك فيسرّ ويقول هكذا كنا، وروي عنه أنه كان يأكل,89,68
page:1,page:1,إلى أهله في السر والصون أجمل,إلى أهله في السرّ والستر أجمل,89,25
page:1,page:1,شَتَّتَ فِيهِ شمله ليجمعك,شتت شمل نفسه ليجمعك,89,15
page:1,page:1,فقد روي أن الله تعالى أوحى إلى سليمان عليه السلام يا رأس العابدين ويا ابن محجة الزاهدين إلى كم يعصيني ابن خالتك آصف وأنا أحلم عليه مرة بعد مرة فوعزتى وجلالي لئن أخذته عصفة من عصفاتي عليه لأتركنه مثلة لمن معه ونكالاً لمن بعده فلما دخل آصف على سليمان عليه السلام أخبره بما أوحى الله تعالى إليه فخرج حتى علا كثيباً من رمل ثم رفع رأسه ويديه نحو السماء وقال إلهي وسيدي أنت أنت وأنا وأنا فكيف أتوب إن لم تتب علي وكيف أستعصم إن لم تعصمني لأعودن فأوحى الله تعالى إليه صدقت يا آصف أنت أنت وأنا وأنا أستقبل التوبة وقد تبت عليك وأنا التواب الرحيم وهذا كلام مدل به عليه وهارب منه إليه وناظر به إليه,محجة الزاهدين، إلى كم يعصيني ابن خالتك آصف وأنا أحلم عنه مرة بعد مرة، فوعزتي وجلالي لئن أخذته عطفة من عطفاتي عليه لأتركنّه مثلة لمن معه ونكالاً لمن بعده،قال:فلما دخل آصف على سليمان أخبره بما أوحى الله إليه، فخرج حتى علا كثيباً من رمل،ثم رفع يديه نحو السماء وهو يقول:إلهي وسيدي أنت أنت وأنا أنا فكيف أتوب إن لم تتب عليّ وكيف أستعصم إن لم تعصمني لأعودنّ فأوحى الله إليه: صدقت أنت أنت وأنا أنا أستقبل التوبة إليّ فقد تبت عليك وأنا التوّاب الرحيم، وهذا كلام مدّل به عليه، وهارب منه إليه، ومتملّق له منه ومن إدلال المحبوبين من المستأمنين مناجاة برخ الأسود الذي أمر الله كليمه أن يسأله أن يستسقي لبني إسرائيل بعد أن قحطوا سبع سنين، واستسقي لهم موسى في سبعين ألفاً، فأوحى الله إلى موسى كيف أستجيب لهم، وقد أظلمت عليهم ذنوبهم وسرائرهم خبيثة يدعونني على غير يقين، ويأمنون مكري، ارجع فإن عبداً من عبادي يقال له برخ قل له يخرج حتى أستجيب له، فسأل عنه موسى فلم يعرف، فبينا موسى عليه السلام ذات يوم يمشي في طريق فإذا بعبد أسود استقبله بين عينيه تراب من أثر السجود في شملة قد عقدها على عنقه،فعرفه موسى بنور الله فسلم عليه وقال:ما اسمك,88,463
page:1,page:1,وكان يقول ما يؤمنني أن يكون الله سبحانه قد اطلع علي في بعض ما يكره فمقتني وقال اذهب لا قبلت لك عملاً فأنا أعمل في غير معمل,فقال:أخاف أنْ أقول نعم فيقول الله تعالى: كذبت يا حسن فيحق علي الكلمة، وكان يقول ما يؤمنني أن يكون الله عزّ وجلّ قد اطلع عليّ في بعض ما يكره فمقتني،وقال:اذهب لا قبلت لك عملاً أبداً فأنا أعمل في غير معمل، وكان جماعة من أهل العلم يرون السؤال عن قوله أمؤمن أنت,88,114
page:1,page:1,وقال عيسى عليه السلام طوبى لعين نامت ولا تهم بمعصية وانتبهت إلى غير إثم,وروينا عن عيسى عليه الصلاة والسلام:طوبى لعين نامت ولا تهمّ بمعصية وانتهت إلى غير إثم,88,68
page:1,page:1,سِوَى فُرْقَةِ الْأَحْبَابِ هَيِّنَةَ الْخَطْبِ,سوى فرقة الإخوان هينة الخطب,88,24
page:1,page:1,بيان أوراد الليل وهي خمسة,الفصل الثامن:في ذكر أوراد الليل وهي خمسة أوراد,88,22
page:1,page:1,فكشفك لي الحجب حتى أراكا,فكشفك للحجب حتى أراكا,88,21
page:1,page:1,وقال معاذ بن جبل في التعليم والتعلم ورأيته أيضاً مرفوعاً تَعَلَّمُوا الْعِلْمَ فَإِنَّ تَعَلُّمَهُ لِلَّهِ خَشْيَةٌ وَطَلَبَهُ عِبَادَةٌ وَمُدَارَسَتَهُ تَسْبِيحٌ وَالْبَحْثَ عَنْهُ جِهَادٌ وَتَعْلِيمَهُ مَنْ لَا يَعْلَمُهُ صَدَقَةٌ وَبَذْلَهُ لِأَهْلِهِ قُرْبَةٌ وَهُوَ الْأَنِيسُ فِي الْوَحْدَةِ وَالصَّاحِبُ فِي الْخَلْوَةِ والدليل على الدين والمصبر على السراء والضراء والوزير عند الأخلاء والقريب عند الغرباء ومنار سبيل الجنة يَرْفَعُ اللَّهُ بِهِ أَقْوَامًا فَيَجْعَلُهُمْ فِي الْخَيْرِ قَادَةً سَادَةً هُدَاةً يُقْتَدَى بِهِمْ أَدِلَّةً فِي الخير تقتص آثارهم وترمق أفعالهم وترغب الملائكة في خلتهم وبأجنحتها تمسحهم وكل رطب ويابس لهم يستغفر حتى حيتان البحر وهوامه وسباع البر وأنعامه والسماء ونجومها(٥)لأن العلم حياة القلوب من العمى ونور الأبصار من الظلم وقوة الأبدان من الضعف يبلغ به العبد مَنَازِلَ الْأَبْرَارِ وَالدَّرَجَاتِ الْعُلَى وَالتَّفَكُّرُ فِيهِ يُعْدَلُ بِالصِّيَامِ وَمُدَارَسَتُهُ بِالْقِيَامِ بِهِ يُطَاعُ اللَّهُ عَزَّ وجل وبه يعبد وبه يوحد وبه يمجد وَبِهِ يُتَوَرَّعُ وَبِهِ تُوصَلُ الْأَرْحَامُ وَبِهِ يُعْرَفُ الحلال والحرام وَهُوَ إِمَامٌ وَالْعَمَلُ تَابِعُهُ يُلْهَمُهُ السُّعَدَاءُ وَيُحْرَمُهُ الأشقياء نسأل الله تعالى حسن التوفيق,فيما رويناه من حديث رجاء بن حيوة بن عبد الرحمن بن غنم عن معاذ قال:تعلّموا العلم فإن تعلّمه لله خشية وطلبه عبادة ومدراسته تسبيح والبحث عنه جهاد وتعليمه لمن لا يعلمه صدقه وبذله لأهله قربة وهو الأنيس في الوحدة والصاحب في الخلوة والدليل على السرّاء والضرّاء والزين عند الإخلاء والقريب عند الغرباء ومنار سبيل الجنة يرفع الله تعالى به أقواماً فيجعلهم الله في الخيرقادة وهداة يقتدي بهم أدلة في الخير تقتص آثارهم وترمق أعمالهم ويقتدى بفعالهم وينتهي إلى رأيهم وترغب الملائكة في خلتهم وبأجنحتها تمسحهم حتى كل رطب ويابس لهم مستغفر حتى حيتان البحر وهوامه وسابع البر ونعامه والسماء ونجومها لأن العلم حياة القلوب من العمى ونور الأبصار من الظلم وقوّة الأبدان من الضعف يبلغ به العبد منازل الأبرار والدرجات العلى والتفكر فيه يعول بالصيام ومدارسته بالقيام به يطاع الله تعالى وبه يعبد وبه يوحد وبه يتورع وبه توصل الأرحام العلم إمام والعمل تابعه تلهمه السعداء وتحرمه الأشقياء، فهذه أوصاف علماء الآخرة ونعت العلم الباطن,87,747
page:1,page:1,وقال الله تعالى{ولدينا مزيد}قال بعض المفسرين يأتي أهل الجنة في وقت المزيد ثلاث تحف من عند رب العالمين أحداها هدية من عند الله تعالى ليس عندهم في الجنان مثلها فذلك قَوْلِهِ تَعَالَى فَلَا تَعْلَمُ نَفْسٌ مَا أُخْفِيَ لهم من قرة عين والثانية السلام عليهم من ربهم فيزيد ذلك على الهدية فضلاً وهو قوله تعالى{سلام قولاً من رب رحيم}والثالثة يقول الله تعالى إني عنكم راض فيكون ذلك أفضل من الهدية والتسليم فذلك قوله تعالى{ورضوان من الله أكبر}أي من النعيم الذي هم فيه فهذا فضل رضا الله تعالى وهو ثمرة رضا العبد,عظيم للرضا، ولأن بالرضا دام لهم النظر لما كان الرضا موجب النظر، سألوا دوام الرضا ليدوم القرب والنظر، فسألوه تمام النعمة من حيث بدايتها،ولا يصلح أن يظهر في معنى قولهم:رضاك أكبر من هذا، ولا يرسم في كتاب حقيقة الأمر لأنّه على كشف وصف من صفات الذات، يوجب على العبد هيبة الربوبية، وخوف هذا عن القلوب محجوب وحكمة من سرائر الغيوب، وهذا في الدنيا ثواب لأهل الخشية عن معرفة خاصية،قال الله سبحانه:(رَضِيَ اللهُ عَنْهُمْ وَرَضُوا عَنْهُ ذلِكَ لِمَنْ خَشِيَ رَبَّهُ)البينة: ٨،وقال بعض المفسرين في قوله تعالى:(وَلَدَيْنَا مَزيدٌ)ق: ٣٥ قال: يأتي أهل الجنة في وقت المزيد ثلاث تحف من عند رب العالمين: أحدها هدية من عند الله ليس عندهم في الجنان مثلها،وذلك قوله تعالى:(فَلا تَعْلَمُ نَفْسٌ مَا أُخْفِيَ لَهُمْ مِنْ قُرَّةِ أَعْيُنٍ)السجدة: ١٧والثانية السلام عليهم من ربّهم فيزيد ذلك على الهداية،فهو قوله تعالى:(سَلامٌ قَوْلاً مِنْ رَبٍّ رَحيمٍ)يس: ٥٨ والثالثة يقول الله تعالى إني عنكم راض فيكون ذلك أفضل من الهدية ومن التسليم،فذلك قوله تعالى:(وَرِضْوَانٌ مِنَ اللهِ أَكْبَرُ)التوبة: ٧٢ من النعيم الذي هم فيه،وروي أنّ النبي صَلَّى اللهُ عَلَيْهِ وَسَلَّمَ قال لطائفة من المؤ منين:ماأنتم,87,424
page:1,page:1,وقال علي كرم الله وجهه الهوى شريك العمى ومن التوفيق التوقف عند الحيرة ونعم طارد الهم اليقين وعاقبة الكذب الندم وفي الصدق السلامة رب بعيد أقرب من قريب وغريب من لم يكن له حبيب والصديق من صدق غيبه ولا يعدمك من حبيب سوء ظن نعم الخلق التكرم والحياء سبب إلى كل جميل وأوثق العرا التقوى واوثق سبب أخذت به سبب بينك وبين الله تعالى إنما لك من دنياك ما أصلحت به مثواك والرزق رزقان رزق تطلبه ورزق يطلبك فان لم تأته أتاك وإن كنت جازعا على ما أصيب مما في يديك فلا تجزع على ما لم يصل إليك واستدل على ما لم يكن بما كان فإنما الأمور أشباه والمرء يسره درك ما لم يكن ليفوته ويسوءه فوت ما لم يكن ليدركه فما نالك من دنياك فلا تكثرن به فرحا وما فاتك منها فلا تتبعه نفسك أسفا وليكن سرورك بما قدمت وأسفك على ما خلفت وشغلك لآخرتك وهمك فيما بعد الموت,وروينا عن علي رضي اللَّه عنه:أما بعد فإن المرء يسره درك مالم يكن ليفوته ويسوءه فوت مالم يكن ليدركه، فمانا لك من دنياك فلا تكترث به فرحاً وما فاتك منها فلا تتبعه نفسك أسفاً وليكن سرورك بما قدمت وأسفك على ماخلفت وشغلك لآخرتك وهمك فيما بعد الموت،وقال أيضاً:الهوى شريك العمى، ومن التوفيق الوقوف عند الحيرة ونعم طارد الهم اليقين وعاقبة الكذب الذم وفي الصدق السلامة، رب بعيد أقرب من قريب وغريب من لم يكن له حبيب والصديق من صدق غيبه ولايعدمك من حبيب سوء الظن، نعم الخلق التكرم والحياء سبب إلى كل جميل وأوثق العرى التقوى وأوثق سبب أخذت به نفسك سبب بينك وبين اللَّه عزّ وجلّ إنما لك من دنياك ما أصلحت به مثواك والرزق رزقان، رزق تطلبه ورزق يطلبك، فإن لم تأته أتاك وإن كنت جازعاً على ما أتلفت من يديك فلا تجْزَعَنَّ على مالم يصل إليك واستدلل على مالم يكن بما كان فإن الأمور أشباه،وقال عبد اللَّه بن عباس:لكل شيء آفة وآفة العلم النسيان وآفة العبادة الكسل وآفة اللب العجب وآفة الظرف الصلف وآفة التجارة الكذب وآفة السخاء التبذير، وآفة الجمال الخيلاء وآفة الدين الرياء وآفة الإسلام الهوى،وقال رسول الله صَلَّى اللهُ عَلَيْهِ وَسَلَّمَ:آفة أمتي الدينار والدرهم،وروينا عن وبرة السلمي عن مجاهد قال:أوصاني ابن عباس بخمس لهن أحسن من الدرهم الموقوف ومن الذهب الموصوف قال: لا تتكلمن فيما لا يعنيك فإنه أقرب لك من السلامة ولا آمن عليك الخطأ ولا تتكلمن فيما يعنيك حتى ترى له موضعاً، فربّ متكلم فيما يعنيه قد وضعه في غير موضعه فلقي عنتاً، ولا تمارين حليماً ولاسفيهاً أما الحليم فيقليك وأما السفيه فيؤذيك، واخلف أخاك إذا غاب عنك بمثل ماتحب أن يخلفك به إذا غبت عنه واعفه مما تحب أن يعفيك منه واعمل بعمل رجل يعلم أنه مكافأ بالإحسان مأخوذ بالإساءة،وفي وصية العباس لابنه عبد اللَّه قال:يا بني إني أرى هذا,87,222
page:1,page:1,وجاء فتح الموصلي إلى منزل لأخ له وكان غائباً فأمر أهله فأخرجت صندوقه ففتحه وأخذ حاجته فأخبرت الجارية مولاها فقال إن صدقت فأنت حرة لوجه الله سروراً بما فعل,من مالك إلى أربعة آلاف،فقال:خذ ألفين فأعرض عنه وقال: آثرت الدنيا على الله عزّ وجلّ، أما استحيت أنْ تدعي الأخوة في الله عزّ وجلّ وتقول هذا، وجاء فتح الموصلي إلى منزل أخ له وكان غائباً، فأمر أهله فأخرجت صندوقه ففتحه فأخذ من كيسه حاجته،فذهبت الجارية إلى مولاها فأعلمته فقال:إنْ كنت صادقة فأنت حرة لوجه الله تعالى سروراً بما فعل,87,145
page:1,page:1,كان بعض العلماء يأخذ في السر ولا يأخذ في العلانية ويقول إن في إظهاره إذلالاً للعلم وامتهاناً لأهله فما كنت بالذي أرفع شيئاً من الدنيا بوضع العلم وإذلال أهله,فقال:إنك أشركت غير الله سبحانه وتعالى فيما لله، ولم تقنع بعين الله عزّ وجلّ فرددت عليك شركك،وقد كان بعض العلماء لا يقبل في العلانية ويأخذ في السرّ سئل عن ذلك فقال:إنّ في إظهار الصدقة إذلالاً للعلم وامتهاناً لأهله وما كنت بالذي أرفع شيئاً من الدنيا بوضع العلم وإذلال أهله، وكذلك حدثنا أنّ رجلاً دفع إلى بعض العارفين شيئاً علانية فردّه ثم,87,134
page:1,page:1,وحكي عن بعض الشيوخ أته قال رأيت أبا العباس الخضر عليه السلام فقلت له ما تقول في هذا السماع الذي اختلف فيه أصحابنا فقال هو الصفو الزلال الذي لا يثبت عليه إلا أقدام العلماء,حدثني بعض الشيوخ عن شيخ له قال:رأيت أبا العباس الخضر فقلت: ماتقول في هذا السماع الذي يختلف فيه أصحابنا,87,89
page:1,page:1,وفي الخبر إذا جامع أحدكم أهله فلا يتجردان تجرد العيرين(٣),وفي الخبر، إذا جامع أحدكم أهله فلا يتجرّدا تجرد العيرين يعني الحمارين,87,54
page:1,page:1,وحكي أن بعض الصالحين كان يعرض عليه التزويج فيأبى برهةً من دهره قال فانتبه من نومه ذات يوم وقال زوجوني زوجوني فزوجوه فسئل عن ذلك فقال لعل الله يرزقني ولداً ويقبضه فيكون لي مقدمةً في الآخرة ثم قال رأيت في المنام كأن القيامة قد قامت وكأني في جملة الخلائق في الموقف وبي من العطش ما كاد أن يقطع عنقي وكذا الخلائق في شدة العطش والكرب فنحن كذلك إذ ولدان يتخللون الجمع عليهم مناديل من نور وبأيديهم أباريق من فضة وأكواب من ذهب وهم يسقون الواحد بعد الواحد يتخللون الجمع ويتجاوزون أكثر الناس فمددت يدي إلى أحدهم وقلت اسقني فقد أجهدني العطش فقال ليس لك فينا ولد إنما نسقي آباءنا فقلت ومن أنتم فقالوا نحن من مات من أطفال المسلمين,وروينا عن رسول الله صَلَّى اللهُ عَلَيْهِ وَسَلَّمَ:من مات له اثنان من الولد، فقد احتظر له بحظار من النار،وفي خبر آخر:من مات له ثلاثة لم يبلغوا الحنث أدخله الله عزّ وجلّ الجنة،بفضل رحمته إياهم قيل:يا رسول الله،فاثنان قال:واثنان،وكان بعض الصالحين يعرض عليه التزويج فيأباه برهة من دهره قال:فانتبه من نومه ذات يوم فقال: زوجوني فسئل عن ذلك فقال: لعل الله يرزقني ولداً أو يقبضني، فيكون مقدمة لي في الآخرة،ثم حدث عن سبب ذلك فقال:رأيت في نومي كأن القيامة قد قامت، وكنت في جملة الخلائق في الموقف، وبي من العطش ما كاد أن يقطع عنقي،وكذلك الخلائق في شدة العطش من الحر والشمس والكرب قال:فبينما نحن كذلك، إذا الولدان يتخللن الجمع، عليهم مناديل من نور وبأيديهم أباريق من فضة وأكواب من ذهب وهم يسقون الواحد بعد الواحد،ويتخللون الجمع ويجاوزون أكثر الناس قال:فمددت يدي إلى أحدهم فقلت: اسقني شربة فقد أجهدني العطش فقال: ليس لك فينا ولد إنما نسقي آباءنا فقلت: وما أنتم فقالوا: نحن من مات، من أطفال المسلمين,86,572
page:1,page:1,وعن علي بن الموفق قال رأيت في النوم كأني أدخلت الجنة فرأيت رجلاً قاعداً على مائدة وملكان عن يمينه وشماله يلقمانه من جميع الطيبات وهو يأكل ورأيت رجلاً قائماً على باب الجنة يتصفح وجوه الناس فيدخل بعضاً ويرد بعضاً قال ثم جاوزتهما إلى حديقة القدس فرأيت في سرادق العرش رجلاً قد شخص ببصره ينظر إلى الله تعالى لا يطرف فقلت لرضوان من هذا قال معروف الكرخي عبد الله لا خوفاً من ناره ولا شوقاً إلى جنته بل حباً له فأباحه النظر إليه إلى يوم القيامة,وحدثت عن عليّ بن الموفق قال:رأيت في النوم كأني أدخلت الجنة، فرأيت رجلاً قاعداً على مائدة وملكان عن يمينه وشماله يلقمانه من جميع الطيبات وهو يأكل، ورأيت رجلاً قائماً على باب الجنة يتصفّح وجوه قوم، فيدخل بعضاً ويرد بعضاً،قال:ثم جاوزتها إلى حظيرة القدس، فرأيت في سرادق العرش رجلاً قد شخص ببصره ينظر إلى الله عزّ وجلّ لا يطرف،فقلت لرضوان:من هذا,86,309
page:1,page:1,وَكَانَ ابْنُ مَسْعُودٍ رَضِيَ اللَّهُ عَنْهُ يَقُولُ لو لم يبق من عمري إلا عشرة أيام لأحببت أن أتزوج لكيلا ألقى الله عزباً ومات امرأتان لمعاذ بن جبل رضي الله عنه في الطاعون وكان هو أيضاً مطعوناً فقال زوجوني فإني أكره أن ألقى الله عزباً,وقد كان ابن مسعود يقول:لو لم يبقَ من عمري إلا عشرة أيام أموت في آخرها لأحببت أنْ أتزوج، ولا ألقى الله عزّ وجلّ وأنا أعزب، وماتت امرأة معاذ بن جبل رضي الله عنه في الطاعون،وكان هو أيضاً مطعوناً فقال:زوجوني فإني أكره أنْ ألقى الله عزّ وجلّ عزبًا،,86,189
page:1,page:1,وقيل لبعض المحبين وقد كان بذل نفسه وماله حتى لم يبق له شيء ما كان سبب حالك هذه في المحبة فقال سمعت يوماً محباً وقد خلا بمحبوبه وهو يقول أنا والله أحبك بقلبي كله وأنت معرض عني بوجهك كله فقال له المحبوب إن كنت تحبني فأيش تنفق علي قال يا سيدي أملكك ما أملك ثم أنفق عليك روحي حتى تهلك فقلت هذا خلق لخلق وعبد لعبد فكيف بعبيد لمعبود فكل هذا بسببه,قال:سمعت محبّاً قد خلا بمحبوبه وهو يقول: أنا والله أحبك بقلبي كله، وأنت معرض عني بوجهك كله،فقال له المحبوب:إن كنت تحبني فأي شيء تنفق عليّ فقال: ياسيدي، أملّكك ما أملك، ثم أنفق عليك روحي حتى تهلك،فقلت:,86,184
page:1,page:1,قال أنس بن مالك في قوله تعالى فإذا قضيت الصلاة فَانْتَشِرُوا فِي الْأَرْضِ وَابْتَغُوا مِنْ فَضْلِ اللَّهِ أما إنه ليس بطلب دنيا لكن عيادة مريض وشهود جنازة وتعلم علم وزيارة أخ في الله عز وجل,وروينا عن أنس بن مالك في قوله عزّ وجلْ:(فَإذَا قُضِيَتِ الصَّلوةُ فَاْنتشَِرُوا في الأَرضِ وَابْتَغُوا مِنْ فَضْلِ اللَّه)الجمعة: ٠١، قال أما أنه ليس بطلب دنيا ولكنه عيادة مريض,86,115
page:1,page:1,قال جعفر بن محمد رضي الله عنهما إذا قعدتم مع الإخوان على المائدة فأطيلوا الجلوس فإنها ساعة لا تحسب عليكم من أعماركم,وفي الأكل مع الإخوان ثلاث فضائل:روي عن جعفر بن محمد عليهما السلام: إذا قعدتم مع الإخوان على المائدة فأطيلوا الجلوس فإنها ساعة لا تحتسب عليكم من أعماركم،وقد روي عن النبي صَلَّى اللهُ عَلَيْهِ وَسَلَّمَ:لا تزال الملائكة تصلّي على أحدكم ما دامت مائدته موضوعة بين يديه حتى ترفع,86,106
page:1,page:1,وكان سهل يقول المريد يخاف أن يبتلى بالمعاصي والعارف يخاف أن يبتلى بالكفر,وقد كان أبو محمد سهل رحمه الله يقول:المريد يخاف أن يبتلي بالمعاصي، والعارف يخاف أن يبتلي بالكفر,86,72
page:1,page:1,سنة أسطوانة فمات لم أقطع له بالتوحيد لأني لا أدري ما ظهر له من التقلب,وقال بعض العارفين:لو علمت أحدًا على التوحيد خمسين سنة ثم حالت بيني وبينه أسطوانة فمات لم أقطع له بالتوحيد، لأني لا أدري ما ظهر من التقليب,86,66
page:1,page:1,إن الكريم على الإخوان ذو المال,إنّ الحبيب إلى الإخوان ذو المال,86,26
page:1,page:1,فأودعته صدري فصار له قبرا,فأود عته صدري فصار له قبرا,86,25
page:1,page:1,وأغفر عوراء الكريم ادخاره,واغفر عوراء الكريم اصطناعه,86,22
page:1,page:1,لا يعرفون ولا تدري مقاصدهم,لايعرفون ولا تسلك مقاصدهم,86,22
page:1,page:1,ما سأله أحد شيئاً فقال لا ولكنه إن لم يقدر عليه سكت(١)وفي الخبر يصبح ابن آدم وعلى كل سلامى من جسده صدقة يعني المفصل وفي جسده ثلثمائة وستون مفصلاً فأمرك بالمعروف صدقة ونهيك عن المنكر صدقة وحملك عن الضعيف صدقة وهدايتك إلى الطريق صدقة وإماطتك الأذى صدقة حتى ذكر التسبيح والتهليل ثم قال وركعتا الضحى تأتي على ذلك كله أو تجمعن لك ذلك كله(٢),وفي حديث أم هانئ بنت أبي طالب أن النبي صَلَّى اللهُ عَلَيْهِ وَسَلَّمَ صلّى الضحى ثمان ركعات،وفي الخبر يصبح ابن آدم:وعلى كل سلامى من جسده صدقة يعني في كل مفصل وفي جسده ثلاثمائة وستون مفصلاً، فأمرك بالمعروف صدقة، ونهيك عن المنكر صدقة، وحملك عن الضعيف صدقة، وهدايتك إلى الطريق صدقة، وإماطتك الأذى صدقة،حتى ذكر التسبيح والتهليل ثم قال:وركعتا الضحى تأتي على ذلك كله،أو قال:تجمعن لك ذلك، وقد كان من سيرة المتقدمين دخول المسجد سحراً قبل طلوع الفجر والقعود فيه إلى صلاة الصبح ويفضلون هذا الفعل،حدثونا عن رجل من التابعين قال:دخلت المسجد قبل طلوع الفجر فألفيت أبا هريرة قد سبقني فقال: يا ابن أخي لأي شيء خرجت من منزلك هذه الساعة,85,295
page:1,page:1,قال بعض الكاشفين من المحبين عبدت الله تعالى ثلاثين سنة بأعمال القلوب والجوارح على بذل المجهود واستفراغ الطاقة حتى ظننت أن لي عند الله شيئاً فذكر أشياء من مكاشفات آيات السموات في قصة طويلة قال في آخرها فبلغت صفاً من الملائكة بعدد جميع ما خلق الله من شيء فقلت من أنتم فقالوا نحن المحبون لله عز وجل نعبده ههنا منذ ثلثمائة ألف سنة ما خطر على قلوبنا قط سواه ولا ذكرنا غيره قال فاستحييت من أعمالي فوهبتها لمن حق عليه الوعيد تخفيفاً عنه في جهنم,وقال بعض العارفين ممن يكشف عن مشاهدته:عبدت الله ثلاثين سنة بأعمال القلوب والجوارح على بذل المجهود، واستفراغ الطاقة، حتى ظننت أنّ لي عند الله شيئاً،فذكر أشياء من مكاشفات السموات في قصة طويلة قال في آخرها:فبلغت صفاً من الملائكة بعدد جميع ما خلق الله من شيء فقلت: ما أنتم,85,242
page:1,page:1,فقال أما لك عمل غير ما رأيت فقالت ماهو والله إلا ما رأيت لا أعرف غيره فلم يزل يقول تذكري حتى قالت خصيلة واحدة هي في إن كنت في شدة لم أتمن أن أكون في رخاء وإن كنت في مرض لم أتمن أن أكون في صحة وإن كنت في الشمس لم أتمن أن أكون في الظل فوضع العابد يده على رأسه وقال أهذه خصيلة هذه والله خصلة عظيمة يعجز عنها العباد,قالت:ما هو والله إلاّ مارأيت، لا أعرف غيره،فلم يزل يقول:تذكري حتى قالت: خصيلة واحدة هي فيَّ، إن كنت في شدة لم أتمنَّ في رخاء، وإن كنت في مرض لم أتمنَّ أني في صحة،وإن كنت في الشمس لم أتمنَّ أني في الظل قال:فوضع العابد يده على رأسه فقال: أهذه خصيلة,85,222
page:1,page:1,بثلاثة وستين فقال الدلال وكان من الصالحين فقد صار اللوز بتسعين فقال السري قد عقدت عقداً لا أحله لست أبيعه إلا بثلاثة وستين فقال الدلال وأنا عقدت بيني وبين الله أن لا أغش مسلماً لست آخذ منك إلا بتسعين,قال:بثلاثة وستين ديناراً،قال له الدلاّل:إنّ اللوز قد صار الكرّ بسبعين ديناراً،قال له السري:قد عقدت بيني وبين الله عقداً لا أحله لست أبيعه إلاّ بثلاث وستين ديناراً،قال له الدلاّل:وأنا قد عقدت بيني وبين الله عقداً لا أحله، أن لا أغشّ مسلماً، لست آخذ منك إلاّ,85,171
page:1,page:1,قَالَ ابْنُ مَسْعُودٍ رَضِيَ اللَّهُ عَنْهُ نُهِينَا أَنْ نُجِيبَ دَعْوَةَ مَنْ يُبَاهِي بِطَعَامِهِ وَكَرِهَ جماعة من الصحابة أكل طعام المباهاة,وروينا عن ابن مسعود قال:نهينا أن نجيب دعوة من يباهي بطعامه، وقد كره جماعة من الصحابة أكل طعام المباهاة والمباداة، وهذا مكروه لم يقدمه بهذه النية إلى إخوانه لأنه,85,89
page:1,page:1,روي أن رجلاً دعا علياً رضي الله عنه فقال علي أجيبك على ثلاث شرائط لا تدخل من السوق شيئا ولا تدخر ما في البيت ولا تجحف بعيالك,وروينا أنّ رجلاً دعا عليّاً رضي الله عنه إلى منزله فقال:أجيبك على شرائط,85,54
page:1,page:1,(١) حديث صلاة التسبيح تقدم,[ذكر صلاة التسبيح],85,13
page:1,page:1,فغضب وأخذ فأسه على عاتقه فاستقبله إبليس في صورة شيخ فقال له إلى أين قال أقطع تلك الشجرة فقال كذبت والله ما أنت بقادر على ذلك ولا سبيل لك إليها قال فتناوله العابد ليفعل به كما فعل أول مرة فقال هيهات فأخذه إبليس وصرعه فإذا هو كالعصفور بين رجليه وقعد إبليس على صدره وقال لتنتهين عن هذا الأمر أو لأذبحنك فنظر العابد فإذا لا طاقة له به قال يا هذا غلبتني فخل عني وأخبرني كيف غلبتك أولاً وغلبتني الآن فقال لأنك غضبت أول مرة لله وكانت نيتك الآخرة فسخرني الله لك وهذه المرة غضبت لنفسك وللدنيا فصرعتك,قال:أقطع تلك الشجرة،قال:كذبت والله ما أنت بقادر على ذلك ولا سبيل لك إليه ا،قال:فتناوله العابد ليأخذه كما فعل أول مرة فقال: هيهات قال: فأخذه إبليس فصرعه فإذا هو كالعصفور بين يديه،قال:وقعد إبليس على صدره وقال: لتنتهينَ عن هذا الأمر أو لأذبحنك، فنظر العابد فإذا لا طاقة له به،قال:يا هذا قد غلبتني فحلّ عني وأخبرني عنك كيف قد غلبتك أول مرة فصرعتك والآن غلبتني فصرعتني,84,310
page:1,page:1,وفي الخبر إذاأحب الله تعالى عبداً ابتلاه فإن صبر اجتباه فإن رضي اصطفاه(٢)وقال بعض العلماء إذا رأيتك تحبه ورأيته يبتليك فاعلم أنه يريد أن يصافيك وقال بعض المريدين لأستاذه قد طولعت بشيء من المحبة فقال يا بني هل ابتلاك بمحبوب سواء فآثرت عليه إياه قال لا قال فلا تطمع في المحبة فإنه لا يعطيها عبداً حتى يبلوه,يَصْطَفي مِنَ الْمَلائِكَةِ رُسُلاً وَمِنَ النَّاسِ) الحج:٧٥ وفي الخبر: إذا أحب الله عبداً ابتلاه يعني اختبره؛ فإن صبر اجتباه، وإن رضي اصطفاه،وقال بعض العلماء:إذا رأيتك تحبه ورأيته يبتليك فاعلم أنه يريد أن يصافيك،وقال بعض المريدين لأستاذه:قد طولعت بشيء من المحبة فقال: يا بني هل ابتلاك بمحبوب سواه فآثرت عليه إياه,84,230
page:1,page:1,وروي عن المسيح عليه الصلاة والسلام أنه قال يا معشر الحواريين أنتم تخافون المعاصي ونحن معاشر الأنبياء نخاف الكفر,وقد روينا معنى ذلك عن عيسى عليه السلام أنه قال:يا معشر الحواريين أنتم تخافون المعاصي ونحن معشر الأنبياء نخاف الكفر,84,98
page:1,page:1,ومن الدلائل أي ترى من عزمه,ومن اللطائف أن يرى من عزمه,84,22
page:1,page:1,وترى الكريم إذا تصرم وصله,وترى اللئيم إذا تصرم حبله,84,21
page:1,page:1,وقد قال المأمون الإخوان ثلاثة أحدهم مثله مثل الغذاء لا يستغنى عنه والآخر مثله مثل الدواء يحتاج إليه في وقت دون وقت والثالث مثله مثل الداء لا يحتاج إليه قط ولكن العبد قد يبتلي به وهو الذي لا أنس فيه ولا نفع,وكان المأمون يقول:الإخوان ثلاثة: أحدهم مثله مثل الغذاء لا يستغنى عنه، والآخر مثله مثل الدواء يحتاج إليه في وقت، والثالث مثله مثل الداء لا يحتاج إليه فالعبد مبتلي بهذا الثالث وهو الذي لا أنس فيه ولا نفع عنده، والأول نعمة من اللهّ سبحانه وتعالى على العبد، فيه أُلفة وأنس ومعه غنيمة ونفع,83,180
page:1,page:1,وقال موسى عليه السلام يا رب جعلت رزقي هكذا على أيدي بني إسرائيل يغديني هذا يوماً ويعشيني هذا ليلة فأوحى الله تعالى إليه هكذا أصنع بأوليائي أجري أرزاقهم على أيدي البطالين من عبادي ليؤجروا فيهم,وحدثونا عن موسى صَلَّى اللهُ عَلَيْهِ وَسَلَّمَ أنه قال:ياربّ جعلت رزقي هكذا على أيدي بني إسرائيل يغديني يوماً هذا ويعشّيني هذا الليلة،فأوحى الله إليه:هكذا أصنع بأوليائي أجري أرزاقهم على أيدي الطالبين من عبادي ليؤجروا فيهم، والعالم القاعد عندهم أفضل من الجاهل المتصرف، والعالم المتكسّب أفضل من القاعد الجاهد، والقوي التارك للتصرف أفضل عندهم من الضعيف المتصرف، والقوي المتصرّف أفضل من الضعيف التارك للتصرف,83,171
page:1,page:1,قال الحسن إنما كانوا يقولون السلام عليكم إذا سلمت والله القلوب وأما الآن فكيف أصبحت عافاك الله كيف أنت أصلحك الله فإن أخذنا بقولهم كانت بدعة لا كرامة فإن شاءوا غضبوا علينا وإن شاءوا لا,وروى أبو معشر عن الحسن رضي الله عنه إنما كانوا يقولون السلام عليكم سلمت والله القلوب، فأما اليوم كيف أصبحت أصلحك الله كيف أمسيت عافاك الله، فإن أخذنا بقولهم كانت بدعة ألا ولا كرامة فإن شاؤوا غضبوا علينا ومن ذلك ابتداء الرجل في عنوان الكتاب باسم المكتوب إليه وإنما السنة أن يبتدئ بنفسه فيكتب من فلان إلى فلان،,83,152
page:1,page:1,وفي أخبار داود عليه السلام أن الله تعالى أوحى إليه يا داود إلى كم تذكر الجنة ولا تسألنى الشوق إلى,وفي خبر وهب بن منبه أوحى الله تعالى إلى داود عليه السلام أنك تكثر مسألتي ولا تسألني أن أهب لك الشوق،قال:يا رب وما الشوق,83,52
page:1,page:1,علوم الدين بسم الله الرحمن الرحمن,بسم الله الرحمن الرحيم,83,21
page:1,page:1,فَإِنَّ تَرْكَ الْمَالِ وَإِظْهَارَ الْخُشُونَةِ سهل على من أحب المدح بالزهد فكم من الرهابين من ردوا أنفسهم كل يوم إلى قدر يسير من الطعام ولازموا ديراً لا باب له وإنما مسرة أحدهم معرفة الناس حاله ونظرهم إليه ومدحهم له فذلك لا يدل على الزهد دلالة قاطعة بل لا بد من الزهد في المال والجاه جميعاً حتى يكمل الزهد في جميع حظوظ النفس من الدنيا بل قد يدعي جماعة الزهد مع لبس الأصواف الفاخرة والثياب الرفيعة كما قال الخواص في وصف المدعين إذ قال وقوم ادعوا الزهد ولبسوا الفاخر من اللباس يموهون بذلك على الناس ليهدى إليهم مثل لباسهم لئلا ينظر إليهم بالعين التي ينظر بها إلى الفقراء فيحتقروا فيعطوا كما تعطى المساكين ويحتجون لنفوسهم بأتباع العلم وأنهم على السنة وأن الأشياء داخلة إليهم وهم خارجون منها وإنما يأخذون بعلة غيرهم,وقال إبراهيم بن أحمد الخواص رحمه الله في وصف المدّعين:وقوم ادّعوا الزهد ولبسوا الفاخر من الثياب يموّهون بذلك على الناس ليهدوا إليهم مثل لباسهم ولئلا ينظر إليهم بالعين التي ينظر بها إلى الفقراء فيحتقرون فيعطون كما يعطى المساكين ويحتجون لنفوسهم باتساع العلم وإنهم على السنّة وإن الأشياء داخلة عليهم وهم خارجون,82,274
page:1,page:1,وفي الأخبار السالفة أن نبياً من الأنبياء شكا إلى الله عز وجل الجوع والفقر والقمل عشر سنين فما أجيب إلى ما أراد ثم أوحى الله تعالى إليه كم تشكو هكذا كان بدؤك عندي في أم الكتاب قبل أن أخلق السموات,وفي الأخبار السالفة أن نبيًّا من الأنبياء شكا إلى الله الجوع والفقر عشر سنين،كل ذلك لا ينظر في مسألته فأوحى الله إليه:لِمَ تشكو,82,102
page:1,page:1,(٢) حديث يؤتى بأشكر أهل الأرض فيجزيه الله جزاء الشاكرين ويؤتى بأصبر أهل الأرض الحديث لم أجد له أصلا,وقد روينا في خبر:يؤتى بأشكر أهل الأرض فيجزيه الله تعالى جزاء الشاكرين ويؤتى بأصبر أهل الأرض فيقال له: أترضى أن نجزيك كما جزينا هذا الشاكر,82,81
page:1,page:1,ويكره له الجماع في ثلاث ليال من الشهر الأول والآخر والنصف,ويكره له الجماع في ثلاث ليال من الشهر:في أول ليلة وفي آخر ليلة وفي ليلة النصف,82,53
page:1,page:1,وقدر كل امرىء ما كان يحسنه,ووزن كل امرئ ما كان يحسنه,82,21
page:1,page:1,وعن بعضهم أنه قال أقلقني الشوق إلى الخضر عليه السلام فسألت الله تعالى مرة أن يريني إياه ليعلمني شيئاً كان أهم الأشياء علي قال فرأيته فما غلب علي همي ولا همتي إلا أن قلت له يا أبا العباس علمني شيئاً إذا قلته حجبت عن قلوب الخليقة فلم يكن لي فيها قدر ولا يعرفني أحد بصلاح ولا ديانة فقال قل اللهم أسبل علي كثيف سترك وحط علي سرادقات حجبك واجعلني في مكنون غيبك واحجبني عن قلوب خلقك قال ثم غاب فلم أره ولم أشتق إليه بعد ذلك فما زلت أقول هذه الكلمات في كل يوم فحكي أنه صار بحيث كان يستذل ويمتهن حتى كان أهل الذمة يسخرون منه ويستسخرونه في الطرق يحمل الأشياء لهم لسقوطه عندهم وكان الصبيان يلعبون به فكانت راحته ركود قلبه واستقامة حاله في ذله وخموله,وقال بعضهم:أراد سترها عنك حتى لا تنظر أنت إليها،وقال بعضهم:قلقني الشوق إلى الخضر، فسألت الله تعالى مرة أن يريني إياه، ليعلمني شيئاً كان أهم الأشياء علي،قال:فرأيته،فما غلب على قلبي ولا همني إلا أن قلت له:يا أبا العباس، علمني شيئاً إذا قلته حجبت عن قلوب الخليقة، فلم يكن لي فيها قدر، ولم يعرفني أحد بصلاح ولا ديانة،فقال:قل: اللهم أسبل عليّ كثيف سترك وحط عليّ سرادقات حجبك، واجعلني في مكنون غيبك واحجبني في قلوب خليقتك، قال ثم غاب فلم أره ولم أشتق إليه بعد ذلك، قال فما تركت أن أقول هذه الكلمات في كل يوم، فحدثت أنّ هذا كان يستذل ويمتهن حتى كان أهل الذمة يسخرون به في الطريق، يحملونه الأشياء في الطريق لسقوطه عندهم، وكان الصبيان يولعون به، وكانت راحته في ذلك ووجود قلبه به واستقامة حاله عليه، وهذا طريق جماعة من السلف وحال طبقة من صادقي الخلف، أخفوا أنفسهم وأسقطوا منازلهم فسموا عقلاء المجانين، وهذا من الزهد في النفس وحقيقة التواضع، إلا أنه زهد مجانين الأولياء وتواضع موقني الضعفاء؛فالتكبّر يكون بثلاثة معان:تكبّر على الناس عجباً بالنفس، وتكبّر في قلوب الناس عزّة من النفس، أي يحب أن يكبر في قلوبهم فيكون ذلك تكبّراً منه، وتكبّر في القلب عن نظره إلى صلاحه ودينه فيكبر ذلك,81,577
page:1,page:1,والذي يتفرج في المتنزهات لا يتفكر في غيرها فقد قيل إن في القرآن ميادين وبساتين ومقاصير وعرائس وديابيج ورياضاً وخانات فالميمات ميادين القرآن والراءات بساتين القرآن والحاءات مقاصيره والمسبحات عرائس القرآن والحاميمات ديابيج القرآن والمفصل رياضه والخانات ما سوى ذلك فإذا دخل القارىء الميادين وقطف من البساتين ودخل المقاصير وشهد العرائس ولبس الديابيج وتنزه في الرياض وسكن غرف الخانات استغرقه ذلك وشغله عما سواه فلم يعزب قلبه ولم يتفرق فكره,القرآن والحاآت مقاصيره والمسبحات عرائس القرآن والحواميم ديباج القرآن والمفصل رياضه والخانات ما سوى ذلك، فإذا جال المريد في الميادين وقطف من البساتين ودخل المقاصير وشهد العرائس ولبس الديباج وتنزه في الرياض وسكن غرف الخانات اقتطعه وأوقفه ما يراه وشغله الشاهد به عما سواه,81,230
page:1,page:1,وكان أبو زيد يقول إذا توجهت إلى المسجد فكأن في وسطي زناراً أخاف أن يذهب بي إلى البيعة وبيت النار حتى أدخل المسجد فينقطع عني الزنار فهذا لي في كل يوم خمس مرات,وكذلك قال أبو يزيد رحمه الله تعالى قبله:إذا توجهت إلى المسجد كان في وسطي زنار أخاف أن يذهب بي إلى البيعة وبيت النار حتى أدخل المسجد فيقطع عني الزنار، فهذا لي في كل يوم خمس مرات، هذا لعلمهم بسرعة تقلّب القلوب في قدرة علام الغيوب,81,151
page:1,page:1,روي عن معاذ بن جبل وعبد الله بن عمر إن إبليس يقول لولده زلنبور سر بكتائبك فأت أصحاب الأسواق زين لهم الكذب والحلف والخديعة والمكر والخيانة وكن مع أول داخل وآخر خارج منها,وكان عمرو بن العاص يقول:لا تكن أول من يدخل السوق ولا آخر خارج فإنّ بها باض الشيطان وفرخ،وروينا عن معاذ وعبد الله بن عمر رضي الله عنهم أنّ إبليس قال لولده زلنبور:يا زلنبور سِرْ بكتابيك وأنت صاحب السوق زين الحلف والكذب والخديعة والمكر والخيانة والخلف، وكنْ مع أول داخل وآخر خارج منها,81,144
page:1,page:1,وحكي أن بعض القراء اشتد به الفقر حتى ضاق به ذرعاً فرأى في المنام كأن قائلاً يقول له تود أنا أنسيناك من القرآن سورة الأنعام وأن لك ألف دينار قال لا قال فسورة هود قال لا قال فسورة يوسف قال لا فعدد عليه سوراً ثم قال فمعك قيمة مائة ألف دينار وأنت تشكو فأصبح وقد سري عنه,وحدثني بعض الشيوخ في معناه أن بعض القراء المقربين اشتد به الفقر حتى أحزنه وضاق به ذرعاً،قال:فرأى في المنام كأن قائلاً يقول له تود أنا أنسيناك سورة الإنعام وأن لك ألف دينار,81,126
page:1,page:1,وكان سهل يقول خوف الصديقين من سوء الخاتمة عند كل خطرة وعند كل حركة وهم الذين وصفهم الله تعالى إذ قال وقلوبهم وجلة,وقد كان أبو محمد سهل رحمه الله يقول:خوف الصديقين من سوء الخاتمة عند كل حركة، وكل خطرة وهمة، يخافون البعد من الله تعالى، وهم الذين مدح الله تبارك وتعالى(وقلوبهم وجلة)وقال لا يصح خوفه حتى يخاف من الحسنات كما يخاف من السيئات,81,96
page:1,page:1,(٧) حديث سمع رجلاً يقول اللهم إني أسألك تمام النعمة الحديث تقدم,وروينا أن رسول الله صَلَّى اللهُ عَلَيْهِ وَسَلَّمَ سمع رجلاً يقول:اللهم إني أسألك تمام النعمة،فقال:هل تدري ماتمام النعمة,81,48
page:1,page:1,عن السر والأحشاء لم تعلم السرا,عن السرّ والأحشا لم يعلم السرّا,81,28
page:1,page:1,[المقام الأول من المرابطة: المشارطة],[ذكر المقام الأول من المراقبة],81,23
page:1,page:1,ثم لقد رأيت رجالاً يؤتى أحدهم القرآن قبل الإيمان فيقرأ ما بين فاتحة الكتاب إلى خاتمته لا يدري ما آمره ولا زاجره ولا ما ينبغي أن يقف عنده منه ينثره نثر الدقل(١)وقد ورد في التوراة يا عبدي أما تستحي مني يأتيك كتاب من بعض إخوانك وأنت في الطريق تمشي فتعدل عن الطريق وتقعد لأجله وتقرؤه وتتدبره حرفاً حرفاً حتى لا يفوتك شيء منه وهذا كتابي أنزلته إليك انظر كم فصلت لك فيه من القول وكم كررت عليك فيه لتتأمل طوله وعرضه ثم أنت معرض عنه أفكنت أهون عليك من بعض إخوانك يا عبدي يقعد إليك بعض إخوانك فتقبل عليه بكل وجهك وتصغي إلى حديثه بكل قلبك فإن تكلم متكلم أو شغلك شاغل عن حديثه أومأت إليه أن كف وها أنا ذا مقبل عليك ومحدث لك وأنت معرض بقلبك عني أفجعلتني أهون عندك من بعض إخوانك,كلام موقوف على قائله يعظم بتعظيمه ويقع في القلب بعلو مكانه أو يهون بسهولة شأنه،قال الله عزّ وجلّ:(لَيْسَ كَمِثْلِهِ شيءْ)الشورى: ١١ في العظمة والسلطان وليس ككلامه كلام في الأحكام والبيان،وقرأت في سورة الحنين من التوراة:يا عبدي أما تستحي مني يأتيك كتاب من بعض إخوانك وأنت في الطريق تمشي فتعدل عن الطريق وتقعد لأجله وتقرؤه وتتدبره حرفاً حرفاً حتى لا يفوتك شيء منه، وهذا كتابي أنزلته إليك أنظر كم وصلت لك فيه من القول وكم كررت عليك فيه فتأملت طوله وعرضه ثم أنت معرض عنه،أفكنت أهون عليك من بعض إخوانك أي عبدي يقعد إليك بعض إخوانك فتقبل عليه بكل وجهك وتصغي إلى حديثه بكل قلبك فإن تكلم متكلم أو شغلك شاغل عن حديثه أومأت إليه أن كف وها أنا ذا مقبل عليك ومحدث لك وأنت معرض بقلبك عني فجعلتني أهون عندك من بعض إخوانك أو كما قال وإنما خف القيام على أهل الليل لفهم الخطاب وثقل على أهل النوم لانفصام القلوب عن الفقه وشدة الحجاب كما قال تعالى:(ثَقُلَتْ في السَّمَواتِ وَالأََرْضِ)الأعراف: ١٨٧ أى خفي علمها يعني الساعة فثقلت عليهم فسمي ما خفي علمه ثقيلاً والله أعلم,80,533
page:1,page:1,قال بعض العارفين إن لله تعالى إلى عبده سرين يسرهما إليه على سبيل الإلهام{أحدهما}إذا خرج من بطن أمه يقول له عبدي قد أخرجتك إلى الدنيا طاهراً نظيفاً واستودعتك عمرك وائتمنتك عليه فانظر كيف تحفظ الأمانة وانظر إلى كيف تلقاني والثاني عند خروج روحه يقول عبدي ماذا صنعت في أمانتي عندك هل حفظتها حتى تلقاني على العهد فألقاك على الوفاء أو أضعتها فألقاك بالمطالبة والعقاب وإليه الإشارة بقوله تعالى أوفوا بعهدي أوف بعهدكم وبقوله تعالى{والذين هم لأماناتهم وعهدهم راعون},وروينا بمعناه من كان له في الآخرة مثقال ذرة من خير لو أن له الدنيا بما فيها من أوّلها إلى أخرها لم يحب أن يعود إلى الدنيا،وقال بعض العارفين:إن لله تعالى إلى عبده سرّين يسرهما إليه يوجده ذلك بإلهام يلهمه،أحدهما إذا ولد وخرج من بطن أمه يقول له:عبدي قد أخرجتك إلى الدنيا طاهراً نظيفاً واستودعتك عمرك ائتمنتك عليه فانظر كيف تحفظ الأمانة وأنظر كيف تلقاني كما أخرجتك،وسرّ عند خروج روحه يقول:عبدي ماذا صنعت في أمانتي عندك هل حفظتها حتى تلقاني على العهد والرعاية فألقاك بالوفاء والجزاء أو أضعتها فألقاك بالمطالبة والعقاب,80,335
page:1,page:1,وهذا يدل على أن شبه الشيء منجذب إليه بالطبع وإن كان هو لا يشعر به وكان مالك بن دينار يقول لا يتفق اثنان في عشرة إلا وفي أحدهما وصف من الآخر وإن أجناس الناس كأجناس الطير ولا يتفق نوعان من الطير في الطيران إلا وبينهما مناسبة قال فرأى يوماً غراباً مع حمامة فعجب من ذلك فقال اتفقا وليسا من شكل واحد ثم طارا فإذا هما أعرجان فقال من ههنا اتفقا ولذلك قال بعض الحكماء كل إنسان يأنس إلى شكله كما أن كل طير يطير مع جنسه وإذا اصطحب اثنان برهة من زمان ولم يتشاكلا في الحال فلا بد أن يتفرقا وهذا معنى خفي تفطن له الشعراء حتى قال قائلهم,مالك بن دينار يقول مثل هذا، وقد لا يتفق اثنان في عشرة ودوام صحبة، إلاّ وفي أحدهما وصف من الآخر وإنّ أشكال الناس كأجناس الطير،قال ورأى يوماً غراباً مع حمامة فعجب من ذلك وقال:كيف اتفقا وليسا من شكل قال: ثم طارا فإذا هما أعرجان فقال: من ههنا اتفقا ويقال: إذا اصطحب اثنان برهة من الزمان ولم يتشاكلا في الحال فلا بدّ أنْ يفترقا،وقد أنشدنا بعض العرب لبعض الحكماء في معناه:,80,279
page:1,page:1,وقال عيسى عليه السلام مثل علماء السوء كمثل صخرة وقعت على فم النهر لا هي تشرب الماء ولا هي تترك الماء يخلص إلى الزرع ومثل علماء السوء مثل قناة الحش ظاهرها جص وباطنها نتن ومثل القبور ظاهرها عامر وباطنها عظام الموتى فهذه الأخبار والآثار تبين أن العالم الذي هو من أبناء الدنيا أخس حالاً وأشد عذاباً من الجاهل,وروينا عن عيسى عليه السلام:مثل علماء السوء مثل صخرة وقعت على فم النهر لا هي تشرب الماء ولا تترك الماء يخلص إلى الزرع، وكذلك علماء الدنيا قعدوا على طريق الآخرة فلا هم نفذوا ولا تركوا العباد يسلكون الله عزّ وجلّ،قال:ومثل علماء السوء كمثل قناة الحش ظاهرها حسن وباطنها نتن ومثل القبور المشيدة ظاهرها عامر وباطنها عظام الموتى،,80,204
page:1,page:1,ليلة الثلاثاء من صلى ركعتين يقرأ في كل ركعة فاتحة الكتاب وقل هو الله أحد والمعوذتين خمس عشرة مرة ويقرأ بعد التسليم خمس عشرة مرة آية الكرسي واستغفر الله تعالى خمس عشرة مرة كان له ثواب عظيم وأجر جسيم,القاسم بن عبد الرحمن عن أبي أمامة قال:قال رسول الله صَلَّى اللهُ عَلَيْهِ وَسَلَّمَ: من صلّى ليلة الاثنين ركعتين يقرأ في كل ركعة فاتحة الكتاب وقل هو اللّّه أحد خمس عشرة مرة وقل أعوذ برب الفلق خمس عشرة مرة وقل أعوذ برب الناس خمس عشرة مرة ويقرأ بعد التسليم خمس عشرة مرة آية الكرسي ويستغفر الله سبحانه وتعالى خمس عشرة مرة، جعل الله عزّ وجلّ اسمه في أصحاب الجنة وإن كان من أصحاب النار، وغفر له ذنوب السر وذنوب العلانية، وكتب له بكل آية قرأها حجة وعمرة، وإن مات ما بين الاثنين إلى الاثنين مات شهيداً,80,176
page:1,page:1,رحمك الله فماالذي وجدت فيه فقال وجدت فيه وفي السماء رزقكم وما توعدون فقلت رزقي في السماء وأنا أطلبه في الأرض فبكى عمر وقال صدقت فكان عمر بعد ذلك يأتيه ويجلس إليه,فقال:وجدت فيه وفي السماء رزقكم وما توعدون فقلت: رزقي في السماء وأنا أطلبه في الأرض، فبكى عمر، وكانت موعظة له منه، فكان عمر بعد ذلك يشابه في الأحايين فيجلس إليه ويستمع منه,80,126
page:1,page:1,وقال الثوري يوماً عند رابعة اللهم ارض عني فقالت أما تستحي من الله أن تسأله الرضا وأنت عنه غير راض فقال أستغفر الله فقال جعفر بن سليمان الضبعي فمتى يكون العبد راضياً عن الله,قال:لا،قالت:فأي شيء تسوءني إذاً،وقال جعفر بن سليمان الصنعي قال سفيان الثوري يوماً عند رابعة:اللهم ارضَ عنا،فقالت:أما تستحي من الله أن تسأله الرضا وأنك غير راضٍ عنه,80,93
page:1,page:1,فإن قراب البطن يكفيك ملؤه,وأنّ قراب البطن يكفيك ملأه,80,23
page:1,page:1,وترى اللئيم إذا تقضى وصله,وترى اللئيم إذا تصرم حبله,80,20
page:1,page:1,على أن للرحمن سراً يصونه,ألا أنَّ للرحمن سرًّا يسرّه,80,18
page:1,page:1,بل الحب إذا غلب قمع الهوى فلم يبق له تنعم بغير المحبوب كما روي أن زليخا لما آمنت وتزوج بها يوسف عليه السلام انفردت عنه وتخلت للعبادة وانقطعت إلى الله تعالى فكان يدعوها إلى فراشه نهارا فتدافعه إلى الليل فإذا دعاها ليلاً سوفت به إلى النهار وقالت:يا يوسف إنما كنت أحبك قبل أن أعرفه فأما إذ عرفته فما أبقت محبته محبة لسواه وما أريد به بدلا حتى قال لها إن الله جل ذكره أمرني بذلك وأخبرني أنه مخرج منك ولدين وجاعلهما نبيين فقالت: أما إذا كان الله تعالى أمرك بذلك وجعلني طريقاً إليه فطاعة لأمر الله تعالى فعندها سكنت إليه فإذن من أحب الله لا يعصيه ولذلك قال ابن المبارك فيه:,ويروى في الأخبار السالفة:أنّ زليخا لما آمنت وتزوّج بها يوسف عليه السلام، انفردت عنه وتخلت للعبادة وانقطعت، فكان يدعوها إلى فراشه نهاراً فتدافعه إلى الليل،فإذا دعاها ليلاً سوّفته نهاراً فقالت:يا يوسف إنما كنت أحبك قبل أن أعرفه، فأما إذ عرفته فما أبقت محبته محبة لسواه،وما أريد به بدلاً حتى قال لها:فإنّ الله أمرني بذلك،وأخبرني أنّه مخرج منك ولدين وجاعلهما نبيين فقالت:أما إذا كان الله أمرك بذلك وجعلني طريقاً إليه فطاعة لأمر الله، فعندها سكنت إليه،وقال بعض العلماء بالله:إذا تم التوحيد تمت المحبة، وإذا جاءت المحبة تم التوكّل، فتم إيمانه وخلص فرضه وسمّي ذلك يقيناً،وقال الفضيل بن عياض في فرض المحبة:إذا قيل لك: تحبّ الله,79,426
page:1,page:1,وعنه أيضاً رضي الله عنه قال حججت سنة فلما قضيت مناسكي تفكرت فيمن لا يقبل حجه فقلت اللهم إني قد وهبت حجتي وجعلت ثوابها لمن لم تقبل حجته قال فرأيت رب العزة في النوم جل جلاله فقال لي يا علي تتسخى علي وأنا خلقت السخاء والأسخياء وأنا أجود الأجودين وأكرم الأكرمين وأحق بالجود والكرم من العالمين قد وهبت كل من لم أقبل حجة لمن قبلته فضيلة البيت ومكة المشرفة,وقد روينا عن ابن الموفق قال:حججت سنة، فلما قضيت مناسكي تفكّرت فيمن لا يتقبل حجّه،فقلت:اللهم إني قد وهبت حجتي هذه وجعلت ثوابها لمن لا يتقبل حجّه،قال:فرأيت ربّ العزة في النوم،قال لي:يا علي تتسخّى عليّ وأنا خلقت السخاء وخلقت الأسخياء، وأنا أجود الأجودين، وأكرم الأكرمين، وأحقّ بالجود والكرم من العالمين، وقد وهبت كل من لم يقبل حجّه لمن قبلته،وكان ابن الموفق هذا قد حجّ عن رسول الله صَلَّى اللهُ عَلَيْهِ وَسَلَّمَ حججاً وقال:فرأيت النبي صَلَّى اللهُ عَلَيْهِ وَسَلَّمَ فقال: يا ابن الموفق حججت عني,79,303
page:1,page:1,لَا تَنْكِحْ مِنَ النِّسَاءِ إِلَّا فَتَاةً وَلَا تَأْكُلْ مِنَ اللَّحْمِ إِلَّا فَتِيًّا وَلَا تَأْكُلِ الْمَطْبُوخَ حَتَّى يَتِمَّ نُضْجُهُ وَلَا تَشْرَبَنَّ دَوَاءً إِلَّا مِنْ عِلَّةٍ وَلَا تَأْكُلْ مِنَ الْفَاكِهَةِ إِلَّا نَضِيجَهَا وَلَا تَأْكُلَنَّ طَعَامًا إِلَّا أَجَدْتَ مضغه وكل ما أحببت من الطعام ولا تشربن عليه فإذا شربت فلا تأكلن عليه شيئاً ولا تحبس الغائط والبول وَإِذَا أَكَلْتَ بِالنَّهَارِ فَنَمْ وَإِذَا أَكَلْتَ بِاللَّيْلِ فَامْشِ قَبْلَ أَنْ تَنَامَ وَلَوْ مِائَةَ خُطْوَةٍ,المطبوخ حتى ينعم نضجه، ولا تشربّ دواء إلاّ من علّة، ولاتأكل من الفاكهة إلاّ نضيجها، ولا تأكل طعاماً إلاّ أجدت مضغه، وكل ما أحببت من الطعام ولا تشرب عليه، فإذا شربت فلا تأكل عليه شيئاً ولا تحبس الغائط والبول، وإذا أكلت بالنهار فنم، وإذا أكلت بالليل فامش قبل أن تنام ولو مائة خطوة، وفيما قاله الفلسوف حكمة، قد ورد ببعضها آثار،قد يروى في خبر مقطوع ذكره أبو الخطاب بن عبد الله بن بكر يرفعه:من استقل بدائه فلا يتداوى فربّ دواء يورث داء،وكانت الحكماء تقول:دافع بالدواء ما حملت قوتك الداء،وقال بعضهم:مثل شرب الدواء مثل الصابون للثوب ينقيه ولكن يخلقه,79,262
page:1,page:1,وما روى عنه أيضا في معناه وعلى العاقل أن تكون له أربعة ساعات ساعة يناجي فيها ربه وساعة يحاسب فيها نفسه وساعة يتفكر فيها في صنع الله تعالى وساعة يخلو فيها للمطعم والمشرب(٢)فإن في هذه الساعة عونا له على بقية الساعات,وقد روينا في الأثر من صفات العاقل وحال المراقب وحشو الأوقات بما ينبغي أن تملأ به جمل ما ذكرناه من حديث أبي ذر الطويل ولا يكون المؤمن ظاعناً إلا في ثلاث:تزوّد لمعاد أو مرمة لمعاش أو لذة في غير محرم وبمعناه وعلى العاقل أن يكون له أربع ساعات: ساعة يناجي فيها ربه عزّ وجلّ، وساعة يحاسب فيها نفسه، وساعة يفكر في صنع اللَّه عزّْ وجلّ، وساعة يخلو فيها للمطعم والمشرب، فإن في هذه الساعة عوناً له على الساعات وفيه أيضاً ثلاث مجملات من صفة العاقل ومن علامة العاقل أن يكون,79,186
page:1,page:1,وقد قال أهل المعرفة إذا تعلق الإيمان بظاهر القلب أحب الدنيا والآخرة جميعاً وعمل لهما وإذا بطن الإيمان في سويداء القلب وباشره أبغض الدنيا فلم ينظر إليها ولم يعمل لها ولهدا ورد في دعاء آدم عليه السلام,وقد نوّع أهل المعرفة الإيمان في القلب على مقامين فجعل لهما زهدين فقال:إذا تعلّق الإيمان بطاهر القلب أحبّ العبد الدنيا وأحبّ الآخرة وعمل لهما، فإذا بطن الإيمان في سويداء القلب وباشره أبغض الدنيا فلم ينظر إليها ولم يعمل لها،وقد كان أبو سليمان يقول:من شغل بنفسه شغل عن الناس؛ وهذا مقام العاملين، ومن شغل بربه سبحانه وتعالى شغل عن نفسه؛ وهذا مقام العارفين،ولهذين المقامين دليل من السنّة أن النبي صَلَّى اللهُ عَلَيْهِ وَسَلَّمَ سئل:أيّ الناس خير,79,173
page:1,page:1,دخل بعضهم على زاهد وهو يأكل فقال لولا أني أخذته بدين لأطعمتك منه وقال بعض السلف في تفسير التكلف,دخل قوم على سمير أبي عاصم، وكان زاهدًا،وهو يأكل فقال:لولا أني أخذته بدين لأطعمتكم منه،وكان بعض السلف يقول في تفسير التكلف:أن تطعم أخاك ما لا تأكله أنت أي لا يكون من مأكلك في الجودة ومما له قيمة فتشق على نفسك بذلك,79,87
page:1,page:1,اللهم اعصمني من فتن الدنيا ووفقني لما تحب وترضى وأصلح لي شأني كله وثبتني بالقول الثابت في الحياة الدنيا وفي الآخرة ولا تضلني وإن كنت ظالماً سبحانك سبحانك يا علي يا عظيم يا بارىء يا رحيم يا عزيز يا جبار سبحان من سبحت له السموات بأكنافها وسبحان من سبحت له البحار بأمواجها وسبحان من سبحت له الجبال بأصدائها وسبحان من سبحت له الحيتان بلغاتها وسبحان من سبحت له النجوم في السماء بأبراجها وسبحان من سبحت له الأشجار بأصولها وثمارها وسبحان من سبحت له السموات السبع والأرضون السبع ومن فيهن ومن عليهن سبحان من سبح له كل شيء من مخلوقاته تباركت وتعاليت سبحانك سبحانك يا حي يا قيوم يا عليم يا حليم سبحانك لا إله إلا أنت وحدك لا شريك لك تحيي وتميت وأنت حي لا تموت بيدك الخير وأنت على كل شيء قدير,واحشرنا في زمرته غير خزايا ولا نادمين ولاناكثين ولا مرتابين ولامفتونين ولا مغضوباً علينا ولا ضالين، اللَّهم اعصمني من فتن الدنيا ووفقني لماتحب وترضى من العمل وأصلح لي شأني كله وثبتني بالقول الثابت في الحياة الدنيا وفي الآخرة ولا تضلني وإن كنت ظالماً سبحانك سبحانك يا علي، ياعظيم، يا بار، يا رحيم، ياعزيز، يا جبار، سبحان من سبحت له السموات بأكنافها، وسبحان من سبحت له الجبال بأصواتها، وسبحان من سبحت له البحار بأمواجها، وسبحان من سبحت له الحيتان بلغاتها، وسبحان من سبحت له النجوم في السماء بأبراقها، وسبحان من سبحت له الشجر بأصولها ونضارتها، وسبحان من سبحت له السموات السبع والأرضون السبع ومن فيهن ومن عليهن، سبحانك سبحانك يا حي، يا حليم، سبحانك لا إله إلا أنت وحدك، لا شريك لك تحيي وتميت وأنت حي لا تموت، بيدك الخير وأنت على كل شيء قدير، فإذا دعا بهده الأدعية الأربع يوم الجمعة فقد كمل اللَّه عزّ وجلّ عمله وتمّ عليه فضله فإذا عمل بخير ما ذكرناه من الأعمال والأذكار واجتنب سيّء ما ذكرناه من الأقوال والأفعال فهو من أهل الجمعة وممن له المزيد بها نصيباً موفوراً وكان عمله الخالص وذكره الصادق عند اللَّه عزّ وجلّ مشكوراً، وهذا آخر كتاب الجمعة وهيْئاتها وآدابها,78,569
page:1,page:1,وَمِنْ حَقِّهَا عَلَى الْوَالِدَيْنِ تَعْلِيمُهَا حُسْنَ الْمُعَاشَرَةِ وَآدَابَ الْعِشْرَةِ مَعَ الزَّوْجِ كَمَا رُوِيَ أَنَّ أسماء بنت خارجة الفزاري قالت لأبنتها عِنْدَ التَّزَوُّجِ إِنَّكِ خَرَجْتِ مِنَ الْعُشِّ الَّذِي فيه درجت فصرت إلى فراش لم تعرفيه وقرين لم تألفيه فَكُونِي لَهُ أَرْضًا يَكُنْ لَكِ سَمَاءً وَكُونِي لَهُ مِهَادًا يَكُنْ لَكِ عِمَادًا وَكُونِي لَهُ أَمَةً يَكُنْ لَكِ عَبْدًا لَا تُلْحِفِي بِهِ فَيَقْلَاكِ وَلَا تَبَاعَدِي عَنْهُ فَيَنْسَاكِ إِنْ دَنَا مِنْكِ فَاقْرَبِي مِنْهُ وَإِنْ نَأَى فَابْعُدِي عَنْهُ وَاحْفَظِي أَنْفَهُ وَسَمْعَهُ وَعَيْنَهُ فَلَا يَشُمَّنَّ مِنْكِ إِلَّا طَيِّبًا وَلَا يَسْمَعُ إِلَّا حُسْنًا وَلَا ينظر إلا جميلاً,وأوصى أسماء بن خارجة الفزاري، وكان من حكماء العرب،ابنته ليلة زفافها فقال:يا بنية، قد كانت والدتك أحق بتأديبك مني لو كانت باقية،وأما الآن فإني أحق بتأديبك من غيري افهمي عني ما أقول:إنك قد خرجت من العش الذي فيه درجت وصرت إلى فراش لا تعرفينه وقرين لم تألفيه، كوني له أرضًا يكون لك سماء وكوني له مهادًا يكون لك عمادًا فكوني له أمة يكون لك عبدًا، لا تلحفي به فيقلاك ولا تتباعدي عنه فينساك، إذا دنى فاقربي منه وإن نأى فابعدي عنه، واحفظي أنفه وسمعه وعينه،لا يشم منك إلاّ طيباً ولا يسمع إلاّ حسنًا ولا ينظر إلاّ جميلاً وأنا الذي أقول لأمك ليلة ينائي بها:,78,343
page:1,page:1,(٣) حديث أنس من صلى المغرب في جماعة ثم صلى بعدها ركعتين ولا يتكلم بشيء فيما بين ذلك من أمر الدنيا ويقرأ في الركعة الأولى بفاتحة الكتاب وعشر آيات من أول البقرة وآيتين من وسطها وإلهكم إله واحد الحديث أخرجه أبو الشيخ في الثواب من رواية زياد بن ميمون عنه مع اختلاف يسير وهو ضعيف,أبو عائشة السعدي وأبو حفص العوفي عن أنس بن مالك قال:قال رسول اللَّه صَلَّى اللهُ عَلَيْهِ وَسَلَّمَ: من صلّى المغرب في جماعة ثم صلّى بعدها ركعتين ولم يتكلم بشيء فيما بين ذلك من أمر الدنيا يقرأ في الركعة الأولى بفاتحة الكتاب وعشر آيات من أول البقرة وآيتين من وسطها وهي:(وَإلُهكُمْ إلهٌ وَاحِدُ لاَ إلهَ إلاَّ هوَ الرحَّمْنُ الرَّحيمُ)البقرة: ١٦٣، إلى آخر الآيتين(قُلْ هُوَ اللَّه أَحَدٌُ)الإخلاص: ١،خمس عشرة مرة ثم يركع ويسجد فإذا قام إلى الركعة الثانية قرأ بفاتحة الكتاب وآية الكرسي وآيتين بعدها إلى قوله تعالى:(أُولئِكَ,78,228
page:1,page:1,وكانت نساء العرب يعلمن بناتهن اختبار الأزواج وكانت المرأة تقول لابنتها اختبري زوجك قبل الإقدام والجراءة عليه انزعي زج رمحه فإن سكت فقطعي اللحم على ترسه فإن سكت فكسري العظام بسيفه فإن سكت فاجعلي الإكاف على ظهره وامتطيه فإنما هو حمارك,كانت المرأة إن أنكحت ابنتها قال:يا بنية، اختبري حليلك قبل أن تقدمي عليه، انزعي زج رمحه فإن سكت لذلك فقطعي اللحم على ترسه، فإن أقرّ فكسّري العظام بسيفه، فإن صبر فاجعلي الأكاف على ظهره وامتطيه فإنما هو حمار,78,160
page:1,page:1,وقد كان غالب أعمال الأخيار من السلف عشر صنائع الخرز والتجارة والحمل والخياطة والحذو والقصارة وعمل الخفاف وعمل الحديد وعمل المغازل ومعالجة صيد البر والبحر والوراقة قال عبد الوهاب الوراق,وسئل الحسن عن الصيرفي فقال:الفاسق لا تستظلنّ بظله ولا تصلّين خلفه، والبستاني والحمّال والملاح وصاحب الحمام والخشاش والمزين وقد كانت هذه الصنائع العشر أعمال الأخيار والأبرار الخرز والتجارة والحمل والخياطة والحذو والقصارة وعمل الخفاف وعمل الحديد وعمل المغازل وصيد البر والبحر والوراقة,78,139
page:1,page:1,وقال ضمرة قلت لسفيان الثوري نستقبل القاص بوجوهنا فقال ولوا البدع ظهوركم وقال ابن عون دخلت على ابن سيرين فقال ما كان اليوم من خبر فقلت نهى الأمير القصاص أن يقصوا فقال وفق للصواب,وقد روى الزهري عن سالم عن ابن عمر أنه خرج من المسجد وقال:ما أخرجني إلا القصاص ولولاه ما خرجت وقال ضمرة: قلت للثوري رحمه الله نستقبل القاص بوجهنا فقال: ولّوا البدع ظهوركم وقال ابن عون: دخلت على ابن سيرين فقال: ما كان اليوم من خبر,78,120
page:1,page:1,قَالَ وَالَّذِي نَفْسِي بِيَدِهِ لَلدُّنْيَا أَهْوَنُ عَلَى اللَّهِ مِنْ هَذِهِ الشَّاةِ عَلَى أَهْلِهَا وَلَوْ كَانَتِ الدُّنْيَا تَعْدِلُ عِنْدَ اللَّهِ جَنَاحَ بَعُوضَةٍ مَا سَقَى كَافِرًا مِنْهَا شَرْبَةَ مَاءٍ(١),قال صَلَّى اللهُ عَلَيْهِ وَسَلَّمَ:الدنيا أهون على الله تعالى من هذا عليكم،وكذلك أخبر بالغاية في قلتها وعدم قيمتها بقوله:ولو كانت الدنيا تزن عند الله تعالى جناح بعوضة ما سقى كافرًا منها شربة ماء،وضرب المثل في نتنها وانقلابها على أهلها بقوله للأعرابي:أرأيت ما تأكلون وتشربون ألستم تتغوطون وتبولون,78,110
page:1,page:1,وقال ابن مسعود رضي الله عنه ركعتين من زاهد قلبه خير له وأحب إلى الله من عبادة المتعبدين المجتهدين إلى آخر الدهر أبداً سرمداً,وقد روى مسروق عن ابن مسعود:ركعتان من زاهد قلبه خير له وأحبّ إلى اللّّه,78,52
page:1,page:1,قال أحمد بن أبي الحواري قلت لأبي سليمان الداراني قال مالك بن دينار للمغيرة اذهب إلى البيت فخذ الركوة التي أهديتها لي فإن العدو يوسوس لي أن اللص قد أخذها قال أبو سليمان هذا من ضعف قلوب الصوفية قد زاده في الدنيا ما غلبه من أخذها فبين أن كراهية كون الركوة في بيته التفات إليها سببه الضعف والنقصان,وقال بعضهم:الدنيا هو ما شغل القلب واهتم به فجعلوا الزهد ترك الاهتمام وطرح النفس تحت تصريف الأحكام، وهذا هو التفويض والرضا،وقال أحمد بن أبي الحواري:قلت لأبي سليمان الداراني: إن مالك بن دينار قال للمغيرة: اذهب إلى البيت فخذ الركوة التي كنت أهديتها لي فإن العدوّ يوسوس إلي أن اللّص قد أخذها،فقال أبو سليمان:هذا,77,168
page:1,page:1,وليكثر من دعاء الخضر عليه السلام وهو أن يقول يا من لا يشغله شأن عن شأن ولا سمع عن سمع ولا تشتبه عليه الأصوات يا من لا تغلطه المسائل ولا تختلف عليه اللغات يا من لا يبرمه إلحاح الملحين ولا تضجره مسألة السائلين أذقنا برد عفوك وحلاوة مناجاتك,فقال:بهذه الدعوات وليقل هذا الدعاء: يا من لا يشغله سمع عن سمع ولا تشتبه عليه الأصوات يا من لا تغلطه المسائل ولا تختلف عليه اللغات يا من لا يتبرم بإلحاح الملحين أذقني برد عفوك وحلاوة رحمتك، يقال إن الخضر عليه السلام علم علي بن أبي طالب عليه السلام هذا الدعاء وليسبح تسبيحات أبي المعتمر وهو سليمان التيمي فقد روى من فضلها,77,156
page:1,page:1,وكان زيد بن مسلمة يغرس في أرضه فقال له عمر رضي الله عنه أصبت استغن عن الناس يكن أصون لدينك وأكرم لك عليهم كما قال صاحبكم أحيحة,قال:ما ترى قال: أصبت، استغنِ عن الناس يكن أصون لدينك وأكرم لك عليهم كيف،قال صاحبكم لحيحة بن الحلاج:,77,77
page:1,page:1,[بيان ما قاله الشيوخ في أحوال التوكل],ذكر بيان آخر في التوكّل,77,17
page:1,page:1,وقال بعض العلماء لا تصحب إلا أحد رجلين رجل تتعلم منه شيئاً في أمر دينك فينفعك أو رجل تعلمه شيئاً في أمر دينه فيقبل منك والثالث فاهرب منه وقال بعضهم الناس أربعة فواحد حلو كله فلا يشبع منه,وقال بعض العلماء:لا تصحب إلاّ أحد رجلين: رجلاً تتعلم منه شيئاً من أمر دينك فينفعك، أو رجلاً تعلمه شيئاً من دينه فيقبل منك، والثالث هرب منه،وقال ابن أبي الحواري:قال لي أستاذي أبو سليمان: يا أحمد لا تصحب إلاّ أحد رجلين: رجل ترتفق به في دنياك، أو رجل تزيد معه وتنتفع به في آخرتك، والاشتغال بغير هذين حمق كبير,76,155
page:1,page:1,وقال بشر بن الحرث ما أعنف رجلاً لا يملك إلا درهماً دفعه ليخلي له الحمام,قال بشر:ما أعنف رجلاً لا يملك إلاّ درهماً أنّ يعطيه لخلوة الحمامي,76,53
page:1,page:1,وكان الشبلي رحمه الله كثيراً ما يتواجد على هذا البيت,وكان الجنيد رحمه الله كثيراً ينشد:,76,27
page:1,page:1,بيان الأفضل من الصبر والشكر,[بيان آخر من فضل الصبر],76,15
page:1,page:1,أهل التصوف رضي الله عنهمم أجمعين,رضي الله عنهم,76,13
page:1,page:1,وأقطع عمر لعلي خاصة رضي الله عنهما,رضي الله عنهم,76,13
page:1,page:1,حكى عن الستوري وكان صوفياً مزاحاً فحضر عند واحد من أبناء الدنيا على مائدة فقدم إليهم حمل وكان صاحب المائدة بخل فلما رأى القوم مزقوا الحمل كل ممزق ضاق صدره وقال يا غلام ارفع إلى الصبيان فرفع الحمل إلى داخل الدار فقام الستوري يعدو خلف الحمل فقيل له إلى أين فقال آكل مع الصبيان فاستحيا الرجل وأمر برد الحمل,حدثني بعض أصحابنا عن الستوري وكان صوفياً أنه حضر على مائدة أبناء الدنيا وكان فيه بخل،قال:فقدم جملاً فجعلوا يأكلون فلما رآهم يمزقون كل ممزق ضاق صدره فقال: يا غلام ارفع إلى الصبيان قال: فرفع الجمل إلى داخل الدار،فقام الستوري بعد وخلف الجمل فقال صاحب المنزل:إلى أين يا أبا عبد الله فقال: آكل مع الصبيان، فاستحيا الرجل وأمر برد الجمل حتى استوفوا منه،وكان سفيان الثوري يقول:من دعا رجلاً إلى طعامه وهويحبّ أن لا يجيبه فإن لم,75,233
page:1,page:1,{قال}نعم التجافي عن دار الغرور والإنابة إلى دار الخلود والاستعداد للموت قبل نزوله وقال السدي الذي خلق الموت والحياة ليبلوكم أيكم احسن عملا أي أيكم أكثرللموت ذكرا وأحسن له استعدادا وأشد منه خوفا وحذرا,قال:نعم التجافي عن دار الغرور والإنابة إلى دار الخلود والاستعداد للموت قبل نزوله؛ فهذا هو الزهد جعله شرطًا لحقيقة الإسلام,75,95
page:1,page:1,(٣) حديث أنس لأن أقعد مع قوم يذكرون الله تعالى من غدوة إلى طلوع الشمس الحديث رواه أبو داود بإسناد حسن,وروينا عن أنس بن مالك رضي الله عنه أنه لما حدث عن النبي في فضل مجلس الذكر لأن أقعد مع قوم يذكرون اللّّه تعالى من غدوة إلى طلوع الشمس أحبّ إليّ من أن,75,70
page:1,page:1,وقال بعضهم إن لله تعالى عباداً ينفقون على قدر بضائعهم ولله عباد ينفقون على قدر حسن الظن بالله تعالى,وقال بعضهم:لله عباد ينفقون على قدر بضائعهم، وله عباد ينفقون على قدر حسن الظن به،ومات بعض السلف فأوصى بماله أن يفرّق على ثلاث طوائف:الأقوياء والأسخياء والأغنياء فقيل: من هؤلاء,74,86
page:1,page:1,وكان أبو العالية الرياحي وإبراهيم بن أدهم والثوري يتكلمون على الاثنين والثلاثة والنفر اليسير فإذا كثروا انصرفوا,وأما أبو العالية الرياحي فكان يتكلم على الاثنين والثلاثة فإذا صاروا أربعة قام، وكذلك كان إبراهيم والثوري وابن أدهم رحمهم الله تعالى يتكلمون على النفر فإذا كثر,74,68
page:1,page:1,وفي الخبر إن العبد كيظلم المظلمة فلا يزال يشتم ظالمه ويسبه حتى يكون بمقدار ما ظلمه ثم يبقى للظالم عليه مطالبة بما زاد عليه يقتص له من المظلوم(٢)السادس أن يغتم لأجل السارق وعصيانه وتعرضه لعذاب الله تعالى ويشكر الله تعالى إذ جعله مظلوماً ولم يجعله ظالماً وجعل ذلك نقصاً في دنياه لا نقصاً في دينه فقد شكا بعض الناس إلى عالم أنه قطع عليه الطريق وأخذ ماله فقال إن لم يكن لك غم أنه قد صار في المسلمين من يستحل هذا أكثر من غمك بمالك فما نصحت للمسلمين,وقد روينا:من دعا على ظالمه فقد انتصر،وأكثر بعضهم بشتم الحجاج عند بعض السلف فقال له:لا تغرق في شتمته فإن الله ينتصف للحجاج ممن انتهك عرضه كما ينتصف منه لمن أخذ ماله، وفي الخبر أن العبد ليظلم المظلمة، فلا يزال يشتم ظالمه ويسبّه حتى يكون بمقدار ماظلمه، ثم يبقى للظالم عليه مطالبة بما زاد عليه يقتصّ له من المظلوم،وقال بعض العلماء لرجل وقد كان شكا إليه قطع الطريق وأخذ ماله فقال له:إن لم يكن غمك أنّه قد صار في المسلمين من يستحلّ هذا أكثر من غمك بمالك فما نصحت للمسلمين،وسرقت من علي بن الفضيل دنانير وهو يطوف بالبيت فرآه أبوه وهو يبكي ويحزن فقال:أعلى الدنانير تبكي,73,266
page:1,page:1,أما من الآيات فيدل عليه قوله تعالى{للفقراء المهاجرين الذين أخرجوا من ديارهم وأموالهم}الآية وقال تعالى{للفقراء الذين أحصروا في سبيل الله لا يستطيعون ضرباً في الأرض}ساق الكلام في معرض المدح ثم قدم وصفهم بالفقر على وصفهم بالهجرة والإحصار وفيه دلالة ظاهرة على مدح الفقر,قال الله الكبير المتعال:(لِلُُقُقَرَاء المُهَاجرِينَ الذَّينَ أُخْرِجُوا مِنْ دِيَارِهِمْ وَأَمْوَالِهِم)الحشر: ٨،وقال تبارك وتعالى:(لِلفُقَرَاءِ الَّذينَ أُحْصِرُوا في سبيل الله لاَ يَسْتَطيعُونَ ضَرْباً في الأَرْضِ)البقرة: ٢٧٣ فقدّم وصف أوليائه بالفقر على مدحهم بالهجرة والحصر، والله تعالى لا يصف من يحبّ إلاّ بما يحبّ، فلولا أنّ الفقر أحبّ الأوصاف إليه ما مدح به أحباءه وشرّفهم به، وأمر رسول الله صَلَّى اللهُ عَلَيْهِ وَسَلَّمَ بالفقر وأخبر بفضله في غير حديث؛ منها حديث إسماعيل بن عياش عن عبد الله بن دينار عن ابن عمران عن رسول الله صَلَّى اللهُ عَلَيْهِ وَسَلَّمَ،قال لأصحابه:أي الناس خير,73,194
page:1,page:1,وأما بطريق الاقتباس من الآيات والأخبار فما وَرَدَ فِي فَضِيلَةِ الْخَوْفِ خَارِجٌ عَنِ الْحَصْرِ وَنَاهِيكَ دَلَالَةً عَلَى فَضِيلَتِهِ جَمْعُ اللَّهِ تَعَالَى لِلْخَائِفِينَ الْهُدَى وَالرَّحْمَةَ وَالْعِلْمَ وَالرِّضْوَانَ وَهِيَ مَجَامِعُ مقامات أهل الجنان وقال الله تعالى وهدى ورحمة للذين هم لربهم يرهبون وَقَالَ تَعَالَى{إِنَّمَا يَخْشَى اللَّهَ مِنْ عِبَادِهِ العلماء}وصفهم بالعلم لخشيتهم,والخوف حال من مقام العلم، وقد جمع اللّّّه تعالى للخائفين ما فرقه على المؤمنين، وهو الهدى والرحمة والعلم والرضوان، وهذه جمل مقامات أهل الجنان،فقال تعالى:(هُدَى وَرَحْمَةٌ للّذينَ هُمْ لِرَبِّهِمْ يَرْهَبُون)الأعراف: ١٥٤ وقال:(إنَّما يَخْشَى اللهَ مِنْ عِبَادِهِ العُلمَاءُ)فاطر: ٢٨ وقال جل ذكره:(رَضِيَ اللّّهُ عَنْهُمْ وَرَضُوا عَنْهُ ذَلِكَ لِمَنْ خَشِيَ رَبَّهُ)البينة: ٨,73,185
page:1,page:1,وفي خبر موسى عليه الصلاة والسلام وأما الورعون فإنه لا يبقى أحد إلا ناقشته الحساب وفتشت عما في يديه إلا الورعين فإني أستحي منهم وأجلهم أن أوقفهم للحساب,وفي خبر موسى عليه السلام:وأما الورعون فإنه لايبقى أحد إلا ناقشته بالحساب وفتشته عما في يديه إلا الورعين، فإني أستحييهم وأجلهم أن أوقفهم للحساب، فالورع حال من الخوف، ثم كف الجوارح عن الشبهات وفضول الحلال من كل شيء، بخشوع قلب، ووجود إخبات,73,138
page:1,page:1,وإنما الإحسان المحض ما نقل عن السري السقطي أنه اشترى كر لوز بستين ديناراً وكتب في روزنامجه ثلاثة دنانير ربحه وكأنه رأى أن يربح على العشرة نصف دينار فصار اللوز بتسعين فأتاه الدلال وطلب اللوز فقال خذه قال بكم فقال,وحدث شيخنا عابد الشط مظفر بن سهل قال:سمعت غيلان الخياط يقول: اشترى سري السقطي كرّ لوز بستين ديناراً وكتب في رونامجه ثلاثة دنانير ربحه، فصار اللوز بتسعين ديناراً،فأتاه الدلاّل فقال له:إنّ ذلك اللوز أريده،فقال:خذه،فقال:بكم,73,137
page:1,page:1,وقال الحسن البصري رحمه الله يخرج من النار رجل بعد ألف عام يا ليتني كنت ذلك الرجل وإنما قال ذلك لخوفه من الخلود وسوء الخاتمة,وقد قال الحسن البصري رحمه الله تعالى إمام العلماء قبلهم:يخرج من النار رجل بعد ألف عام وياليتني ذلك الرجل، هذا لشدة خوفه من الخلود في الأبدية، قال فبعد أن أخرج منها بوقت لا أبالي,73,101
page:1,page:1,(٢) حديث من حسنت صلاته وكثر عياله وقل ماله ولم يغتب المسلمين كان معي في الجنة كهاتين أخرجه أبو يعلى من حديث أبي سعيد الخدري بسند ضعيف,وقد روي عن النبي صَلَّى اللهُ عَلَيْهِ وَسَلَّمَ:مَنْ حسنت صلاته وكثر عياله، وقلّ ماله ولم يغتب المسلمين، فهو معي في الجنة كهاتين,73,75
page:1,page:1,وقد ذكرنا أحكام المبالغة في الطهارات في,[ذكر أحكام الصلاة في الإدراك],73,23
page:1,page:1,أنت ولينا فاغفر لنا وارحمنا وأنت خير الغافرين واكتب لنا في هذه الدنيا حسنة وفي الآخرة إنا هدنا إليك ربنا عليك توكلنا وإليك أنبنا وإليك المصير ربنا لا تجعلنا فتنة للقوم الظالمين ربنا لا تجعلنا فتنة للذين كفروا واغفر لنا ربنا إنك أنت العزيز الحكيم ربنا اغفر لنا ذنوبنا وإسرافنا في أمرنا وثبت أقدامنا وانصرنا على القوم الكافرين ربنا اغفر لنا ولإخواننا الذين سبقونا بالإيمان ولا تجعل في قلوبنا غلاً للذين آمنوا ربنا إنك رؤوف رحيم ربنا آتنا من لدنك رحمة وهيئ لنا من أمرنا رشداً رَبَّنَا آتِنَا فِي الدُّنْيَا حَسَنَةً وَفِي الْآخِرَةِ حسنة وقنا عذاب النار ربنا إننا سمعنا منادياً ينادي للإيمان إلى قوله عز وجل إنك لا تخلف الميعاد ربنا لا تؤاخذنا إن نسينا أو أخطأنا ربنا إلى آخر السورة(٣)رب اغفر لي ولوالدي وارحمهما كما ربياني صغيراً واغفر للمؤمنين والمؤمنات والمسلمين والمسلمات الأحياء منهم والأموات(٤)رب اغفر وارحم وتجاوز عما تعلم وأنت الأعز الأكرم وأنت خير الراحمين وأنت خير الغافرين وإنا لله وإنا إليه راجعون ولا حَوْلَ وَلَا قُوَّةَ إِلَّا بِاللَّهِ الْعَلِيِّ الْعَظِيمِ وحسبنا الله ونعم الوكيل وصلى الله على محمد خاتم النبيين وآله وصحبه وسلم تسليماً كثيراً(٥),اللهم يا مولاي يا الله ياربّ، افعل بي ما أنت له أهل، ولا تفعل اللهم يا ربّ يا الله بي ما أنا له أهل، فإنك أهل التقوى وأهل المغفرة، يا من لا تضره الذنوب ولا تنقصه المغفرة هب لي اللهم يا ربّ ما لا يضرك وأعطني ما لا ينقصك، أفرغ اللهم علينا يا ربّ صبراً وتوفَّنا مسلمين وألحقنا بالصالحين أنت وليّنا فاغفر لنا وارحمنا وأنت خير الغافرين واكتب لنا في هذه الدنيا حسنة وفي الآخرة حسنة إنّا هدنا إليك، ربّنا عليك توكّلنا وإليك أنبنا وإليك المصير، ربنا لا تجعلنا فتنة للذين كفروا واغفر لنا ربّنا إنك أنت العزيز الحكيم، ربنا اغفر لنا ذنوبنا وإسرافنا في أمرنا وثبّت أقدامنا وانصرنا على القوم الكافرين، ربّنا آتنا من لدنك رحمة وهيّئ لنا من أمرنا رشداً، ربّنا آتنا في الدنيا حسنة وفي الآخرة حسنة وقنا عذاب النار، اللهم إني أسألك أن تصلي على نبيك محمد وعلى آل محمد، وأسألك الصيانة والعون على الطاعة والعصمة من المعصية وإفراغ الصبر في الخدمة وإيزاع الشكر على النعمة، وأسألك يا مولاي يا الله يا ربّ الصلاة على نبيك محمد وعلى آل محمد وحسن الخاتمة اللهم إني أسألك أن تصليّ على نبيك محمد وعلى آل محمد، وأسألك اليقين وحسن المعرفة بك وأسألك المحبة وحسن التوكّل عليك وأسألك الرضا وحسن المنقلب إليك، ربّنا إننا سمعنا منادياً ينادي للإيمان أنْ آمنوا بربّكم فآمنا ربّنا فاغفر لنا ذنوبنا وكفّر عنا سيّئاتنا وتوفنا مع الأبرار، ربّنا وآتنا ما وعدتنا على رسلك ولا تُخزِنا يوم القيامة إنك لا تخلف الميعاد، ربّنا لا تؤاخذنا إن نسينا أو أخطأنا، ربّنا ولا تحمل علينا إصراً كما حملته على الذين من قبلنا إلى آخرها,72,506
page:1,page:1,وابن مسعود كان يقسمه أقساماً لا على هذا الترتيب وقيل أحزاب القرآن سبعة فالحزب الأول ثلاث سور والحزب الثاني خمس سور والحزب الثالث سبع سور والرابع تسع سور والخامس إحدى عشرة سورة والسادس ثلاث عشرة سورة والسابع المفصل من ق إلى آخره,وإن قرأ القرآن أحزاباً في كل يوم وليلة حزباً فحسن،وهو سنة فذلك أشد لمواطأة القلب وأقوم للترتيب وأدنى إلى الفهم وإن أحب قرأ في كل ركعة ثلث عشر القرآن أو نصف ذلك يكون الجزء من الأجزاء الثلاثين في كل ركعة أو ركعتين فإن قرأ في كل ورد حزباً أو حزبين أو دون ذلك فحسن وأحزاب القرآن سبعة:فالحزب الأول ثلاث سور، والحزب الثاني خمس سور، والحزب الثالث سبع سور، والرابع تسع سور، والخامس إحدى عشرة سورة، والسادس ثلاث عشرة سورة، والمفصل من ق، فهذه كانت أحزاب,72,188
page:1,page:1,وقيل له بلغنا أنك ترى الخضر عليه السلام فتبسم وقال ليس العجب ممن يرى الخضر ولكن العجب ممن يريد الخضر أن يراه فيحتجب عنه وحكي عن الخضر عليه السلام أنه قال ما حدثت نفسي يوماً قط أنه لم يبق ولي لله تعالى إلا عرفته,قال:لأني قد رأيت أربعين بدلاً فأخذت من كل بدل خلقاً من أخلاقه،وقيل له:بلغنا أنك ترى الخضر فتبسم ثم قال: ليس العجب ممّن يرى الخضر ولكن العجب ممن يريد الخضر أن يراه فيحجب عنه فلا يقدر عليه ولعمري أن من كان عند الله لم يره بشر ولا ملك,72,134
page:1,page:1,ورؤي الفضيل يوما وهو يمشي فقيل له إلى أين قال لا أدري وكان يمشي والها من الخوف,ورؤي بعض الصوفية يمشي في السوق وهو يأكل وكان ممن يشار إليه قال:فقلت له: تأكل في السوق,72,37
page:1,page:1,الوظيفة الثالثة أن يقرأ في الصبح سورتين من المثاني ما دون المائة فإن الإطالة في قراءة الفجر والتغليس بها سنة ولا يضره الخروج منها مع الإسفار ولا بأس بأن يقرأ في الثانية بأواخر السور نحو الثلاثين أو العشرين إلى أن يختمها لأن ذلك لا يتكرر على الأسماع كثيراً فيكون أبلغ في الوعظ وأدعى إلى التفكر وإنما كره بعض العلماء قراءة بعض أول السور وقطعها,صلاة وهم الذي يتمون صلاتهم بعد ركوع الإمام وسجوده، وطائفة بصلاة واحدة وهم الذين يكبرون ويركعون ويسجدون معه مواصلة له ومبادرة، وطائفة تخرج بغير صلاة وهم الذين يرفعون ويضعون قبله فيسابقون إمامهم، وليقرأ في صلاة الغداة بسورتين من المثاني وهي مادون المائة، فإن الإطالة في قراءة الفجر والتغليس سنّة، ولا يضرّه خروجه منها مسفراً إذا كان قد دخل فيها مغلساً، ولا أكره أن يقرأ في الركعة الثانية منها بأواخر السور من نحو الثلاثين أو العشرين إلى أن يختمها لأن في ذلك مزيد تذكرة وفضل تبصرة، لأنه يبعد طروقه على الأسماع لكثرة الاعتياد لتلاوة السور القصار فهي أدنى إلى الانقطاع والتفكّر، وإنما كره أن يقرأ من أوّلها كذلك، ثم يقطع أو يقرأ من وسطها، ثم يركع قبل أن يختمها هذا الذي كرهه بعض العلماء,71,271
page:1,page:1,ولقد انتهى المريدون لولاية الله تعالى في طلب شروطها بإذلال النفس إلى منتهى الضعة والخسة حتى روي أن ابن الكريبي وهو أستاذ الجنيد دعاه رجل إلى طعام ثلاث مرات ثم كان يرده ثم يستدعيه فيرجع إليه بعد ذلك حتى أدخله في المرة الرابعة فسأله عن ذلك فقال قد رضت نفسي على الذل عشرين سنة حتى صارت بمنزلة الكلب يطرد فينطرد ثم يدعى فيرمى له عظم فيعود ولو رددتني خمسين مرة ثم دعوتني بعد ذلك لأجبت,حدثني بعض الأشياخ عن أبي الحسن الكريني أستاذ الجنيد، أن رجلاً دعاه ثلاث مرات إلى طعامه ثم يرده، فرجع إليه بعد ذلك حتى أدخله المنزل في المرة الرابعة، فسأله عن ذلك،فقال:قد رضيت نفسي على الذل عشرين سنة حتى صارت بمنزلة الكلب يطرد,71,175
page:1,page:1,وقال الفضيل رحمه الله جعل الله الشر كله في بيت وجعل مفتاحه حب الدنيا وجعل الخير كله في بيت وجعل مفتاحه الزهد في الدنيا,وروينا في الخبر:أن الله تعالى يحبّ المبتذل الذي لا يبالي ما لبس،وقال الثوري وفضيل رحمهما الله تعالى:جعل الشر كلّه في بيت وجعل مفتاحه الرغبة في الدنيا، وجعل الخيركله في بيت وجعل مفتاحه الزهد في الدنيا،وسئل يوسف بن أسباط وسفيان الثوري رحمهما الله تعالى:أي الأعمال أفضل,71,111
page:1,page:1,(١) حديث عقبة إني تزوجت امرأة فجائتنا أمة سوداء فزعمت أنها قد أرضعتنا وهي كاذبة رواه البخاري من حديث عقبة ابن الحارث,وفي الخبر:جاء عقبة بن الحرث إلى رسول الله صَلَّى اللهُ عَلَيْهِ وَسَلَّمَ فقال: إني تزوّجت امرأة،فجاءتنا امرأة سوداء فزعمت أنها قد أرضعتنا وهي كاذبة فقال:دعها فقلت: إنها كاذبة فقال: وكيف,71,82
page:1,page:1,(٣) حديث سمع ابن عمر رجلاً يذم الحجاج ويقع فيه فقال أرأيت لو كان الحجاج حاضرا الحديث تقدم هناك ولم أجد فيه ذكر الحجاج,وروينا عنه من طريق آخر أنه سمع رجلاً يذم الحجاج ويقع فيه فقال له:أرأيت لو كان الحجاج حاضرًا أكنت تتكلم بما تكلمت به,71,73
page:1,page:1,ويروى أن الله تعالى قال في بعض كتبه إنى لست أقبل كلام كل حكيم ولكن انظر إلى همه وهواه فإذا كان همه وهواه لى جعلت صمته تفكرا وكلامه حمدا وإن لم يتكلم,وروينا عن الله سبحانه وتعالى في بعض الكتب أنه قال:ليس كل كلام الحكيم أتقبل، ولكني أنظر إلى همه وهواه، فمن كان همه وهواه لي جعلت صمته ذكرًا ونظره,70,107
page:1,page:1,فمن المهمات العظيمة معرفة العلامات الفارقة بين علماء الدنيا وعلماء الآخرة ونعني بعلماء الدنيا,باب ذكر الفرق بين علماء الدنيا وعلماء الآخرة وذم علماء السوء الآكلين بعلومهم الدنيا,70,54
page:1,page:1,[النوع الرابع زكاة التجارة],[النوع الرابع من التفضيل],70,17
page:1,page:1,(١١) حديث إن الملك ليرفع القلم عن العبد إذا أذنب ست ساعات فإن تاب واستغفر لم يكتبه عليه الحديث قال وفي لفظ آخر فإذا كتبها عليه وعمل حسنة قال صاحب اليمين لصاحب الشمال وهو أمير عليه ألق هذه السيئة حتى ألقى من حسناته واحدة من تضيف العشر الحديث أخرجه البيهقي في الشعب من حديث أبي أمامة بسند فيه لين باللفظ الأول ورواه أيضا أطول منه وفيه إن صاحب اليمين أمير على صاحب الشمال وليس فيه أنه يأمر صاحب الشمال بإلقاء السيئة حتى يلقي من حسناته واحدة لم أجد لذلك أصلا,وفي حديث آخر:لو لقيني عبدي بقراب الأرض ذنوباً، لقيته بقرابها مغفرة ما لم يشرك بي شيئاً،وفي الخبر:إن الملك ليرفع القلم عن العبد إذا أذنب ست ساعات، فإن تاب واستغفر لم يكتبه عليه وإلا كتبها سيئة،وفي لفظ آخر:فإذا كتبها عليه وعمل حسنة،قال صاحب الشمال وهو أمير عليه:ألق هذه السيئة حتى ألقي من حسناته واحدة من تضعيف العشرة وأرفع تسع حسنات فيلقي عنه هذه السيئة ويقال: إن الله تعالى جعل في قلب صاحب اليمين من الرحمة للعبد أضعاف ما جعل في قلب صاحب الشمال مع أنه أمره عليه، فإذا عمل العبد حسنة فرح بها ملك اليمين،ويقال:فرح بها الملائكة فيكتب للعبد بفرحه الحسنات,69,291
page:1,page:1,وقال بعضهم علامة النفاق أن تكره من الناس ما تأتي مثله وأن تحب على شيء من الجور وأن تبغض على شيء من الحق,وكان بعضهم يقول:علامة النفاق أن يكره من الناس ما يأتي مثله، وأن يحب على شيء من الجور، وأن يبغض على شيء من الحق، ومن النفاق من إذامدح بما ليس فيه أعجبه ذلك,69,97
page:1,page:1,وقد فسر الصحابة والتابعون النفاق بتفاسير لا يخلو عن شيء منه إلا صديق إذ قال الحسن إن من النفاق اختلاف السر والعلانية واختلاف اللسان والقلب واختلاف المدخل والمخرج ومن الذي يخلو عن هذا المعاني,وأعظم من هذا ما كان الحسن رحمه الله يذهب إليه،كان يقول:إن من النفاق اختلاف السر والعلانية، واختلاف اللسان والقلب، والمدخل والمخرج,69,90
page:1,page:1,(٢) حديث إذا جمع الله الأولين والآخرين لميقات يوم معلوم ناداهم بصوت يسمعه أقصاهم كما يسمعه أدناهم فيقول يا أيها الناس إني قد أنصت إليكم منذ خلقتكم إلى يومكم هذا فانصتوا إلي اليوم إنما هي أعمالكم ترد عليكم أيها الناس إني جعلت نسبا الحديث أخرجه الطبراني في الأوسط والحاكم في المستدرك بسند ضعيف والثعلبي في التفسير مقتصرا على آخره إني جعلت نسبا الحديث من حديث أبي هريرة,سبب أضافه تعالى إليه تشريفاً له،ومعنى وصله به وأكرم عباده عليه تعظيماً له فقال:(لَنْ يَنالَ اللهَ لُحُومَها وَلا دِمَاؤُهَا ولَكِنْ يَنالُهُ التَّقْوَى مِنْكُم)الحج: ٣٧ وقال:(إنَّ أكْرَمَكُمْ عِنْدَ اللهِ أتْقَاكُمْ)الحجرات: ١٣ وفي الخبر: إذا جمع الله الأوّلين والآخرين لميقات يوم معلوم ناداهم بصوت يسمع أقصاهم كما يسمع أدناهم يقول: يا أيها الناس إني قد أنصت لكم منذ خلقتكم إلى يومكم هذا، فأنصتوا إلي اليوم، فإنما هي أعمالكم ترد عليكم، أيها الناس إني جعلت نسباً وجعلتم نسباً، فوضعتم نسبي ورفعتم نسبكم،قلت:(إنَّ أكْرَمَكُمْ عِنْدَ اللهِ أتْقَاكُمْ)الحجرات: ١٣ وأبيتم إلا فلان بن فلان أغنى من فلان، فاليوم أضع نسبكم وأرفع نسبي، أين المتقون,68,247
page:1,page:1,فقيل له وما فيها من الرجاء فقال الدنيا كلها قليل ورزق الإنسان منها قليل والدين قليل عن رزقه فانظر كيف أنزل الله تعالى فيه أطول آية ليهدي عبده إلى طريق الاحتياط في حفظ دينه فكيف لا يحفظ دينه الذي لا عوض له منه,فقال:إن الدنيا كلّها قليل ورزق الإنسان فيها قليل من قليل وهذا الدين من رزقه قليل، ثم إن الله تبارك وتعالى احتاط في ذلك ورفق النظر لي بأن وكد ديني بالشهود والكتاب وأنزل فيه أطول آية في كتابه، ولو فاتني ذلك لم أبال به فكيف يكون فعله بي في الآخرة التي لا عوض لي من نفسي فيها,68,118
page:1,page:1,الباب الخامس في الأدعية المأثورة عند حدوث الحوادث,الفصل الخامس:في ذكر الأدعية المختارة بعد صلاة الصبح,68,35
page:1,page:1,الباب الأول في فضيلة الأوراد وترتيبها في الليل والنهار,الفصل الثاني:في الآي التي فيها ذكر أوراد الليل والنهار,68,32
page:1,page:1,وبقيت في خلف كجلد الأجرب,وبقيت في خلف يزكي بعضهم,68,16
page:1,page:1,تعصي الإله وأنت تظهر حبه,ولست تعصي الله كي تفتقر,68,13
page:1,page:1,وفي الحديث إذا رأيتم الرجل قد أوتي صمتاً وزهداً فاقتربوا منه فإنه يلقن الحكمة(٤)وقيل العالم إما عالم عامة وهو المفتي وهم أصحاب السلاطين أو عالم خاصة وهو العالم بالتوحيد وأعمال القلوب وهم أصحاب الزوايا المتفرقون المنفردون,وفي الخبر:إذا رأيتم الرجل قد أوتي صمتاً وزهداً فاقتربوا منه فإنه تلقى الحكمة،وقال بعض أصحاب الحديث:رأيت سفيان الثوري حزيناً فسألته فقال وهو برم: ما صرنا إلا متجر الأبناء الدنيا قلت: وكيف,67,117
page:1,page:1,تم الجزء الثالث من كتاب إحياء علوم الدين ويليه الجزء الرابع وأوله كتاب التوبة,تم الجزء الأوّل من قوت القلوب ويليه الجزء الثاني أوّله,67,42
page:1,page:1,وكذلك ما عداه من الأقاويل القريبة منه,[ذكر المقام الأول من المراقبة],67,12
page:1,page:1,[الباب الخامس في الأدعية المأثورة عند حدوث كل حادث من الحوادث],الفصل الخامس:في ذكر الأدعية المختارة بعد صلاة الصبح,66,37
page:1,page:1,الباب الأول في الآداب من أول النهوض إلى آخر الرجوع وفي نية السفر,ويكره له الجماع في ثلاث ليال من الشهر:في أول ليلة وفي آخر ليلة وفي ليلة النصف,66,35
page:1,page:1,البحث الثالث عن الحكم الشرعي,[المقام الثالث من اليقين],66,15
page:1,page:1,يا راقد الليل مسروراً بأوله,في ذكر أوراد الليل الخمسة,66,15
page:1,page:1,الصنف الثالث من المتصوفة,الفصل الثالث والعشرون,66,14
page:1,page:1,ولما كان خطاب الشرع مع الكل لا مع ذلك النادر والضراء أصلح للكل دون ذلك النادر زجر الشرع عن الغنى وذمه وفضل الفقر ومدحه حتى قال المسيح عليه السلام لا تنظروا إلى أموال أهل الدنيا فإن بريق أموالهم يذهب بنور إيمانكم,فقال:أنا فلان فقال: اسكت عافاك الله إنّا نكره أن نسمع الزهد إلا من أهله،وفي لفظ آخر:إنّا نكره أن نسمع الوعظ إلا من أهل الزهد،وقال عيسى عليه السلام:لا تنظروا إلى أموال أهل الدنيا فإن بريق أموالهم يذهب بنور إيمانكم وقال بعض العلماء: تقليب الأموال يمصّ حلاوة الإيمان,65,125
page:1,page:1,بَيَانُ جملة أخرى من آدابه وأخلاقه,[بيان آخر من الاعتبار لأهل التبصرة والتذكار],65,21
page:1,page:1,الْجُمْلَةُ السَّادِسَةُ فِي الْوُقُوفِ وَمَا قَبْلَهُ,إلى أهله في السرّ والستر أجمل,65,16
page:1,page:1,فكيف وأين أذوق لطعم الكرى,فكيف يصنع من أقصاه مالكه,65,15
page:1,page:1,فهذه أقاويل المائلين الى العزلة,كل الأمور إلى المليك العادل,65,14
page:1,page:1,الفائدة الأولى التعليم والتعلم,ما الفخر إلا لأهل العلم إنهم,65,14
page:1,page:1,وقال إنما حدث هذا في زمان الطاعون الذي كان يدعى طاعون عمواس بالشام من الموت الذريع كان الرجل يلقاه أخوه غدوة فيقول كيف أصبحت من الطاعون ويلقاه عشية فيقول كيف أمسيت والمقصود أن الالتقاء في غالب العادات ليس يخلو عن أنواع من التصنع والرياء والنفاق وكل ذلك مذموم بعضه محظور وبعضه مكروه,وفي الخبر:من بدأكم بالكلام قبل السلام فلا تجيبوه وإنما حدث هذا في زمان الطاعون الذي كان يدعى طاعون عمواس بالشام من الموت الذريع، كان الرجل يلقى أخاه غدوة فيقول كيف أصبحت من الطاعون ويلقاه عشية فيقول كيف أمسيت منه لأن أحدهم كان إذا أصبح لم يمسِ وإذا أمسى لم يصبح، فبقي هذا إلى اليوم ونسي سببه وكان من عرف حدوثه من المتقدمين يكرهه،حدثونا عن أحمد بن أبي الحواري قال:قال رجل لأبي بكر بن عياش: كيف أصبحت أو كيف أمسيت فلم يكلمه،وقال:دعونا من هذه البدعة قال: وقلت لبعض السلف: كيف أصبحت فأعرض عني وقال ما كيف أصبحت قل بالسلام,64,210
page:1,page:1,وكأنهما إذ علما أن الله هو علام الغيوب وأنه لا وقوف لهما على غاية الأمور لم يأمنا أن يكون قوله قد أمنتكما ابتلاءً وامتحاناً لهما ومكراً بهما حتى إن سكن خوفهما ظهر أنهما قد أمنا من المكر وما وفيا بقولهما,فلولا أنهما علما أن مكره لانهاية له، لأن حكمه لاغاية له،لم يقولا ومن يأمن مكرك مع قوله:قد أمنتكما ولكان قد انتهى مكره بقوله، ولكانا قد وقفا على آخر مكره، ولكن خافا من بقية المكر الذي هو,64,91
page:1,page:1,وإلى مثل هذا الكشف الاشارة بقوله عليع السلام لولا أن الشياطين يحومون على قلوب بني آدم لنظروا إلى ملكوت السماء(٣),الحجاب صلاته، ويلتقم الشيطان قلبه، فلا يزال ينفخ فيه، وينفث ويوسوس إليه، ويزين له، حتى ينصرف من صلاته ولا يعقل ما كان فيه،وقد جاء في الخبر:لولا أنّ الشياطين يحومون حول قلوب بني آدم لنظروا إلى ملكوت السموات,64,76
page:1,page:1,قال ابن مسعود في قوله تعالى{ولا يخرجن إلا أن يأتين بفاحشة مبينة}مهما بذت على أهله وآذت زوجها فهو فاحشة وهذا أريد به في العدة ولكنه تنبيه على المقصود,قال ابن مسعود:إذا بذت على أهلها وآذت زرجها فهو فاحشة،وهذا يعني به في العدة لأن الله يقول:(أسْكِنُوهُنَّ مِنْ حيْثُ سَكَنْتُمْ مِنَ وُجْدِكُمْ)الطلاق: ٦,64,75
page:1,page:1,وَقَالَ الحسن رَحِمَهُ اللَّهُ لَوْلَا الْعُلَمَاءُ لَصَارَ الناس مثل البهائم أي أنهم بالتعليم يخرجون الناس من حد البهيمية إلى حد الإنسانية,وقد كان الحسن رحمه الله يقول:لوأني أعلم أني بريء من النفاق كان أحب إلي مما طلعت عليه الشمس,64,56
page:1,page:1,الصنف الأول أهل العلم والمغترون منهم فرق,ما الفخر إلا لأهل العلم إنهم,64,22
page:1,page:1,بيان المواعظ في ذم الدنيا وصفتها,[بيان آخر من التمثيل في التداوي وتركه],64,20
page:1,page:1,فإذن تأثير السماع في القلب محسوس,فإني رأيت الحب في القلب والأذى,64,19
page:1,page:1,عن البيض الأوانس في الجنان,إنّ الحبيب إلى الإخوان ذو المال,64,18
page:1,page:1,ولو كانت الأرزاق تجري على الحجا,ولو كنت بواباً على باب جنة,64,17
page:1,page:1,الفائدة الثانية النفع والإنتفاع,الفصل الثاني والثلاثون,64,16
page:1,page:1,قال صاحب الغريبين أي مستطيلا,قال:ما بين المغرب والعشاء,64,14
page:1,page:1,[بيان تفصيل الأعمال المتعلقة بالنية],تفصيل الإسلام والإيمان,64,12
page:1,page:1,وما المال والأهلون إلا ودائع,ما الفخر إلا لأهل العلم إنهم,64,12
page:1,page:1,(٢) حديث قال رجل لابن عمر إنا ندخل على هؤلاء الأمراء فنصدقهم بما يقولون الحديث رواه أحمد والطبراني وقد تقدم في قواعد العقائد,وقال رجل لابن عمر رضي الله عنهما:إنا ندخل على هؤلاء الأمراء ونصدقهم بما يقولون فإذا خرجنا تكلمنا فيهم،فقال:كنا نعد هذا نفاقًا على عهد رسول الله صَلَّى اللهُ عَلَيْهِ وَسَلَّمَ,63,80
page:1,page:1,(٣) حديث إذا جامع أحدكم امرأته فلا يتجردان تجرد العيرين أخرجه ابن ماجة من حديث عتبة بن عبد بسند ضعيف,وفي الخبر، إذا جامع أحدكم أهله فلا يتجرّدا تجرد العيرين يعني الحمارين,63,49
page:1,page:1,[القسم الأول ما يتكرر بتكرر الأيام والليالي],كتاب فضل الصلاة في الأيام والليالي,63,24
page:1,page:1,بالعمومات الواردة في الرياء أولى,إلى أهله في السرّ والستر أجمل,63,17
page:1,page:1,بيان السبب في طول الأمل وعلاجه,قال:أليس الإيمان قولاً وعملاً,63,13
page:1,page:1,وعن جعفر عن أبيه أن الحسن والحسين عليهما السلام كانا يقبلان جوائز معاوية,وروينا عن الحسن بن عليّ عليهما السلام في وصف الأخ كلاماً رجزاً جامعاً مختصراً:,62,40
page:1,page:1,فقال أبو مسلم صدقت التوراة وكذب أبو مسلم,قال يحبوني ويكرموني قال كعب:ما صدقتني التوراة إذن قال: وما في التوراة,62,26
page:1,page:1,وكل هذا إشارة إلى الجري على المعتاد وترك التصنع,كل الأمور إلى المليك العادل,62,20
page:1,page:1,الْجُمْلَةُ التَّاسِعَةُ فِي طَوَافِ الْوَدَاعِ,الفصل التاسع:في ذكر وقت الفجر,62,18
page:1,page:1,أي اختلاف همهم في الصناعات والحرف,إلى أهله في السرّ والستر أجمل,62,17
page:1,page:1,[الباب الأول فيما لابد للمنفرد منه],[ذكر المقام الأول من المراقبة],62,16
page:1,page:1,فيه ميزابان يصبان فيه من الكوثر,في ذكر ما يُستحبّ من الذكر,62,16
page:1,page:1,فمن بايعه صاحب الشوكة فهو الخليفة,فأما الذي هو حب الهوى,62,15
page:1,page:1,ونازح الدار لا أنفك مغترباً,ومن الدلائل أن تراه مشمراً,62,15
page:1,page:1,والتفت بالنهار قبل المقال,قال:برّ الوالدين وإصلاح المال،,62,13
page:1,page:1,بَيَانُ أَقْسَامِ مَا بِهِ الْعُجْبُ وَتَفْصِيلُ عِلَاجِهِ,[باب آخر من البيان والتفصيل],62,12
page:1,page:1,فالقادر على الكتمان يقول,قال:أليس الإيمان قولاً وعملاً,62,12
page:1,page:1,(١) حديث إذا أحب الله عبداً ابتلاه الحديث أخرجه الطبراني من حديث أبي عتبة الخولاني,وروينا في الخبر:إذا أحبّ الله عبداً ابتلاه، وإذا أحبه الحبّ البالغ اقتناه،قيل:وما اقتناؤه,61,38
page:1,page:1,الأول مراعاة الزمان والمكان والإخوان,ذكر مباني الإسلام وأركان الإيمان,61,17
page:1,page:1,سموت الى العلياء من جانب الفقر,لموت الفتى خير من البخل للغني,61,15
page:1,page:1,وعندي لها وصف لعمري صالح,يهوى بها عصف الريا,61,13
page:1,page:1,والناس كلهم هلكى إلا العالمون والعالمون كلهم هلكى إلا العاملون والعاملون كلهم هلكى إلا المخلصون والمخلصون على خطر عظيم,الأعمال وتقرب العاملون من ذي الجلال ولا حول ولاقوة إلا بالله العليَّ العظيم,60,44
page:1,page:1,المرتبة الأولى إيمان العوام وهو إيمان التقليد المحض,وهو أعمال الجوارح، والإيمان باطن الإسلام وهو أعمال القلوب,60,31
page:1,page:1,بيان المبادرة إلى العمل وحذر آفة التأخير,[بيان آخر من الاعتبار لأهل التبصرة والتذكار],60,22
page:1,page:1,بيان أقاويل العلماء والمتصوفة في تحليله وتحريمه,[بيان آخر من التمثيل في التداوي وتركه],60,21
page:1,page:1,كما الدراهم والدنانير في البيعحرام إلا يدا بيد,كتاب فضل الصلاة في الأيام والليالي,60,21
page:1,page:1,بيان الأعذار المرخصة في الغيبة,[بيان آخر من التمثيل في التداوي وتركه],60,19
page:1,page:1,تَرْجُو النَّجَاةَ وَلَمْ تَسْلُكْ مَسَالِكَهَا,لايعرفون ولا تسلك مقاصدهم,60,15
page:1,page:1,فهم سبب انقياد الخلق إليهم,كما قد يرقع الخلق القديم,60,15
page:1,page:1,وما ينفع المقبور عمران قبره,لأني أرى المقبور ينتظر النشرا,60,14
page:1,page:1,أقبل ذا الجدار وذا الجدارا,وإذا المودة أقرب الأنساب,60,14
page:1,page:1,لعل خيالاً منك يلقى خياليا,لكلام من يحظى لديه السائل,60,14
page:1,page:1,(٣) الآفة الخامسة عشرة الغيبة,الفصل الخامس عشر,60,14
page:1,page:1,أفنى القرون التي كانت منعمة,إن أخاك الحق من كان معك,60,14
page:1,page:1,فالإخلاص يقين والرياء شك,الإخلاص وشرح النيّات,60,13
page:1,page:1,فصار يحسدني من كنت أحسده,فصار بلا كون لأنك كنته,60,13
page:1,page:1,ولكن عارا أن يزول التجمل,إن عرفان ذي الجلال لعز,60,13
page:1,page:1,[بيان أقاويل الشيوخ في الإخلاص],قال:الإخلاص،قيل:وما الإخلاص,60,11
page:1,page:1,وقد قيل شاوروهن وخالفوهن,وقد قال الله وهو,60,11
page:1,page:1,ويأباك قلبي والقلوب تقلب,وللقلب على القلب,60,11
page:1,page:1,قالوا الرحيل فقلت لست براحل,فقلت العار في ذل السؤال,60,9
